zotero_key,date_added,item_type,year,first_author,title,journal,doi,url
RE7ZAE2H,2026-05-21T16:22:30Z,journalArticle,2024,Sasak,Effect of Selected Organic Solvents on Hydroxyl Radical-Dependent Light Emission in the Fe2+-EGTA-H2O2 System,Molecules,10.3390/molecules29235635,https://doi.org/10.3390/molecules29235635
J7KFP6EC,2026-05-21T16:22:30Z,journalArticle,2016,Gao,"Why Does 2,3,5,6-Tetrachlorophenol Generate the Strongest Intrinsic Chemiluminescence among All Nineteen Chlorophenolic Persistent Organic Pollutants during Environmentally-friendly Advanced Oxidation Process?",Scientific Reports,10.1038/srep33159,https://doi.org/10.1038/srep33159
M9BNGHW2,2026-05-21T16:22:30Z,journalArticle,1996,Brenner,Acoustic energy storage in single bubble sonoluminescence,The Journal of the Acoustical Society of America,10.1121/1.416947,https://doi.org/10.1121/1.416947
SYHTNAWQ,2026-05-21T16:22:30Z,bookSection,2018,Sergey I. Nikitenko,Spectroscopic Studies of Nonequilibrium Plasma Generated by Acoustic Cavitation in Aqueous Solutions,,10.1115/1.861851_ch180,https://doi.org/10.1115/1.861851_ch180
ECTRVSDA,2026-05-21T16:22:30Z,journalArticle,2015,Claire Margaret Frances Whitfield,Investigation of Cavitating Flow Luminescence for Analytical Spectroscopy,PEARL (University of Plymouth),10.24382/1374,
UDXS9MAG,2026-05-21T16:22:30Z,journalArticle,2021,Yamawaki,Study on the Method of Identifying Ultrafine Bubbles Using Ultrasound under the Presence of Solid Nanoparticles,MATEC Web of Conferences,10.1051/matecconf/202133301001,https://doi.org/10.1051/matecconf/202133301001
Y9XRDGDB,2026-05-21T16:22:30Z,journalArticle,2016,. Mohamed,SONOCHEMISTRY (APPLICATIONS OF ULTRASOUND IN CHEMICAL SYNTHESIS AND REACTIONS): A REVIEW PART I,Al-Azhar Journal of Pharmaceutical Sciences,10.21608/ajps.2016.6890,https://doi.org/10.21608/ajps.2016.6890
JWT93XEG,2026-05-21T16:22:30Z,journalArticle,2017,Tatartchenko,"Sonoluminescence as the PeTa Radiation, Part Two",Optics and Photonics Journal,10.4236/opj.2017.711019,https://doi.org/10.4236/opj.2017.711019
KQVCVWDQ,2026-05-21T16:22:30Z,journalArticle,2016,M.,Particle model of single bubble sonoluminescence,International Journal of Physical Sciences,10.5897/ijps2016.4535,https://doi.org/10.5897/ijps2016.4535
WF6SNDAN,2026-05-21T16:22:30Z,journalArticle,2012,Hauptmann,Time-resolved monitoring of cavitation activity in megasonic cleaning systems,Review of Scientific Instruments,10.1063/1.3697710,https://doi.org/10.1063/1.3697710
G2LL9QIA,2026-05-21T16:22:30Z,journalArticle,2005,Price,Acoustic Emission from Cavitating Solutions:  Implications for the Mechanisms of Sonochemical Reactions,The Journal of Physical Chemistry B,10.1021/jp0543227,https://doi.org/10.1021/jp0543227
T8HM8PNF,2026-05-21T16:22:30Z,journalArticle,2021,Yasui,Multibubble Sonoluminescence from a Theoretical Perspective,Molecules,10.3390/molecules26154624,https://doi.org/10.3390/molecules26154624
ECGRSC6P,2026-05-21T16:22:30Z,journalArticle,2008,Yasui,The range of ambient radius for an active bubble in sonoluminescence and sonochemical reactions,The Journal of Chemical Physics,10.1063/1.2919119,https://doi.org/10.1063/1.2919119
EXDRB8L3,2026-05-21T16:22:30Z,journalArticle,2025,Yang,Probing catalyst-free hydroxyl radical generation at microbubble interfaces,Nature Communications,10.1038/s41467-025-63899-w,https://doi.org/10.1038/s41467-025-63899-w
HLJJT4FE,2026-05-21T16:22:30Z,journalArticle,2017,Supponen,Luminescence from cavitation bubbles deformed in uniform pressure gradients,Physical Review E,10.1103/physreve.96.033114,https://doi.org/10.1103/physreve.96.033114
KBSF5KNX,2026-05-21T16:22:30Z,journalArticle,2014,Pflieger,"Activating Molecules, Ions, and Solid Particles with Acoustic Cavitation",Journal of Visualized Experiments,10.3791/51237,https://doi.org/10.3791/51237
ZS3BWS2D,2026-05-21T16:22:30Z,journalArticle,2015,Crum,Resource Paper: Sonoluminescence,The Journal of the Acoustical Society of America,10.1121/1.4929687,https://doi.org/10.1121/1.4929687
5XBR8D2F,2026-05-21T16:22:30Z,journalArticle,2022,Vighetto,Insight into Sonoluminescence Augmented by ZnO-Functionalized Nanoparticles,ACS Omega,10.1021/acsomega.1c05837,https://doi.org/10.1021/acsomega.1c05837
UW5B33CB,2026-05-21T16:22:30Z,journalArticle,2010,Schneider,Line Emission of Sodium and Hydroxyl Radicals in Single-Bubble Sonoluminescence,The Journal of Physical Chemistry A,10.1021/jp1083339,https://doi.org/10.1021/jp1083339
3N3HZFIF,2026-05-21T16:22:30Z,journalArticle,2001,Didenko,Single bubble sonochemistry and sonoluminescence,The Journal of the Acoustical Society of America,10.1121/1.4744245,https://doi.org/10.1121/1.4744245
NUUW8EWF,2026-05-21T16:22:30Z,journalArticle,2000,Matula,Acoustic cavitation and sonoluminescence,The Journal of the Acoustical Society of America,10.1121/1.4743199,https://doi.org/10.1121/1.4743199
6XMURZ8F,2026-05-21T16:22:30Z,journalArticle,2014,Nikitenko,Plasma Formation during Acoustic Cavitation: Toward a New Paradigm for Sonochemistry,Advances in Physical Chemistry,10.1155/2014/173878,https://doi.org/10.1155/2014/173878
3CYRSVAD,2026-05-21T16:22:30Z,journalArticle,2002,Brenner,Single-bubble sonoluminescence,Reviews of Modern Physics,10.1103/revmodphys.74.425,https://doi.org/10.1103/revmodphys.74.425
PSRCM4DZ,2026-05-21T16:22:30Z,journalArticle,2016,Merouani,The size of active bubbles for the production of hydrogen in sonochemical reaction field,Ultrasonics Sonochemistry,10.1016/j.ultsonch.2016.03.026,https://doi.org/10.1016/j.ultsonch.2016.03.026
FRL7U5J9,2026-05-21T16:22:30Z,journalArticle,2014,Pflieger,Influence of Ultrasonic Frequency on Swan Band Sonoluminescence and Sonochemical Activity in Aqueous <i>tert</i>-Butyl Alcohol Solutions,The Journal of Physical Chemistry B,10.1021/jp509898p,https://doi.org/10.1021/jp509898p
LGGA4Z46,2026-05-21T16:22:30Z,journalArticle,2021,Song,Influence of carbon nano-dots in water on sonoluminescence,Nanoscale,10.1039/d1nr02194j,https://doi.org/10.1039/d1nr02194j
LX7BV5L9,2026-05-21T16:22:30Z,journalArticle,1996,Hilgenfeldt,Phase diagrams for sonoluminescing bubbles,Physics of Fluids,10.1063/1.869131,https://doi.org/10.1063/1.869131
468LMYDU,2026-05-21T16:22:30Z,journalArticle,2014,Han,Analysis of Sonoluminescence Signal from Megasonic Irradiated Gas-Containing Aqueous Solutions Using Replaceable Single-Band Filters,ECS Journal of Solid State Science and Technology,10.1149/2.019401jss,https://doi.org/10.1149/2.019401jss
T6BZDJ7R,2026-05-21T16:22:30Z,journalArticle,2005,Lee,Determination of the Size Distribution of Sonoluminescence Bubbles in a Pulsed Acoustic Field,Journal of the American Chemical Society,10.1021/ja0566432,https://doi.org/10.1021/ja0566432
Q73J96F3,2026-05-21T16:22:30Z,journalArticle,2011,Tandiono,Sonochemistry and sonoluminescence in microfluidics,Proceedings of the National Academy of Sciences,10.1073/pnas.1019623108,https://doi.org/10.1073/pnas.1019623108
CRN2EWBQ,2026-05-21T16:22:30Z,journalArticle,2004,Ashokkumar,The effect of surfactants on inertial cavitation activity and sonoluminescence intensity in aqueous solutions,The Journal of the Acoustical Society of America,10.1121/1.4785137,https://doi.org/10.1121/1.4785137
9EKVGAKU,2026-05-21T16:22:30Z,journalArticle,2019,Pflieger,Effect of NaCl salt on sonochemistry and sonoluminescence in aqueous solutions,Ultrasonics Sonochemistry,10.1016/j.ultsonch.2019.104753,https://doi.org/10.1016/j.ultsonch.2019.104753
ZGHMCNRX,2026-05-21T16:22:30Z,journalArticle,2000,Ashokkumar,Effect of Solutes on Single-Bubble Sonoluminescence in Water,The Journal of Physical Chemistry A,10.1021/jp000463r,https://doi.org/10.1021/jp000463r
X7PVUXR9,2026-05-21T16:22:30Z,journalArticle,2000,Didenko,Multibubble Sonoluminescence Spectra of Water which Resemble Single-Bubble Sonoluminescence,Physical Review Letters,10.1103/physrevlett.84.5640,https://doi.org/10.1103/physrevlett.84.5640
JQNJB4MJ,2026-05-21T16:22:30Z,journalArticle,1998,Hilgenfeldt,Water Temperature Dependence of Single Bubble Sonoluminescence,Physical Review Letters,10.1103/physrevlett.80.1332,https://doi.org/10.1103/physrevlett.80.1332
LMTXTAKU,2026-05-21T16:22:30Z,journalArticle,1999,Felipe Gaitan,Experimental observations of bubble response and light intensity near the threshold for single bubble sonoluminescence in an air-water system,Physical Review E,10.1103/physreve.59.5495,https://doi.org/10.1103/physreve.59.5495
X2CKQIFV,2026-05-21T16:22:30Z,journalArticle,1996,Gaitan,Spectra of single-bubble sonoluminescence in water and glycerin-water mixtures,Physical Review E,10.1103/physreve.54.525,https://doi.org/10.1103/physreve.54.525
QVY4Q64V,2026-05-21T16:22:30Z,journalArticle,2003,Krefting,Single-Bubble Sonoluminescence in Air-Saturated Water,Physical Review Letters,10.1103/physrevlett.91.174301,https://doi.org/10.1103/physrevlett.91.174301
EHXWJ3C9,2026-05-21T16:22:30Z,journalArticle,2000,Didenko,Molecular emission from single-bubble sonoluminescence,Nature,10.1038/35038020,https://doi.org/10.1038/35038020
66WBIV2I,2026-05-21T16:22:30Z,journalArticle,2010,Levinsen,Data collapse of the spectra of water-based stable single-bubble sonoluminescence,Physical Review E,10.1103/physreve.82.036323,https://doi.org/10.1103/physreve.82.036323
8L6THUB5,2026-05-21T16:22:30Z,journalArticle,2000,Toegel,Does Water Vapor Prevent Upscaling Sonoluminescence?,Physical Review Letters,10.1103/physrevlett.85.3165,https://doi.org/10.1103/physrevlett.85.3165
TEASN3WS,2026-05-21T16:22:30Z,journalArticle,1997,Gompf,Resolving Sonoluminescence Pulse Width with Time-Correlated Single Photon Counting,Physical Review Letters,10.1103/physrevlett.79.1405,https://doi.org/10.1103/physrevlett.79.1405
YNCJ4NK7,2026-05-21T16:22:30Z,journalArticle,1998,Hiller,Time-Resolved Spectra of Sonoluminescence,Physical Review Letters,10.1103/physrevlett.80.1090,https://doi.org/10.1103/physrevlett.80.1090
BAVDLCXE,2026-05-21T16:22:30Z,journalArticle,2001,Yasui,Effect of liquid temperature on sonoluminescence,Physical Review E,10.1103/physreve.64.016310,https://doi.org/10.1103/physreve.64.016310
JZPVAT59,2026-05-21T16:22:30Z,journalArticle,1998,Matula,Evidence for Gas Exchange in Single-Bubble Sonoluminescence,Physical Review Letters,10.1103/physrevlett.80.865,https://doi.org/10.1103/physrevlett.80.865
LDH4YBFU,2026-05-21T16:22:30Z,journalArticle,1998,Holzfuss,Shock Wave Emissions of a Sonoluminescing Bubble,Physical Review Letters,10.1103/physrevlett.81.5434,https://doi.org/10.1103/physrevlett.81.5434
YEXI6I59,2026-05-21T16:22:30Z,journalArticle,2011,Sadighi-Bonabi,A unique circular path of moving single bubble sonoluminescence in water,Chinese Physics B,10.1088/1674-1056/20/7/074302,https://doi.org/10.1088/1674-1056/20/7/074302
CDHN5ZT9,2026-05-21T16:22:30Z,journalArticle,1999,Hilgenfeldt,Sonoluminescence light emission,Physics of Fluids,10.1063/1.869997,https://doi.org/10.1063/1.869997
WCSES5MD,2026-05-21T16:22:30Z,journalArticle,2021,Institute Petrochemistry and Catalysis,ACTIVATION OF SINGLE-BUBBLE SONOLUMINESCENCE AND RADIOLUMINESCENCE OF GD3+ AND DY3+ IONS BY ELECTRON ACCEPTORS IN AQUEOUS SOLUTIONS AS CONSEQUENCE OF THE HYDRATED ELECTRON GENERATION DURING WATER SONOLYSIS AND RADIOLYSIS,Izvestia Ufimskogo Nauchnogo Tsentra RAN,10.31040/2222-8349-2021-0-4-22-29,https://doi.org/10.31040/2222-8349-2021-0-4-22-29
TE4RMS6S,2026-05-21T16:22:30Z,journalArticle,1994,Crum,Sonoluminescence,Physics Today,10.1063/1.881402,https://doi.org/10.1063/1.881402
DWNIBUPX,2026-05-21T16:22:30Z,journalArticle,2001,Baghdassarian,Spectrum of Luminescence from Laser-Created Bubbles in Water,Physical Review Letters,10.1103/physrevlett.86.4934,https://doi.org/10.1103/physrevlett.86.4934
ETYJWH2S,2026-05-21T16:22:30Z,journalArticle,2001,Young,Line Emission in Single-Bubble Sonoluminescence,Physical Review Letters,10.1103/physrevlett.86.2673,https://doi.org/10.1103/physrevlett.86.2673
C56C6S3U,2026-05-21T16:22:30Z,journalArticle,2023,Голято,Акустическая кавитация в допированных щелочно-галоидных кристаллах,Известия Российской академии наук. Серия физическая,10.31857/s0367676523702459,https://doi.org/10.1016/s1350-4177(01)00101-8
QNELP4JJ,2026-05-21T16:22:30Z,journalArticle,1970,Saksena,Sonoluminescence from Stable Cavitation,The Journal of Chemical Physics,10.1063/1.1674249,https://doi.org/10.1063/1.1674249
JEPTI4D5,2026-05-21T16:22:30Z,journalArticle,1998,Ketterling,Experimental Validation of the Dissociation Hypothesis for Single Bubble Sonoluminescence,Physical Review Letters,10.1103/physrevlett.81.4991,https://doi.org/10.1103/physrevlett.81.4991
G5FSDHAI,2026-05-21T16:22:30Z,journalArticle,2002,Ashokkumar,"Effect of surfactants, polymers, and alcohol on single bubble dynamics and sonoluminescence",Physical Review E,10.1103/physreve.65.046310,https://doi.org/10.1103/physreve.65.046310
KI3S7RCT,2026-05-21T16:22:30Z,journalArticle,2001,Yasui,Single-bubble sonoluminescence from noble gases,Physical Review E,10.1103/physreve.63.035301,https://doi.org/10.1103/physreve.63.035301
2MK386N8,2026-05-21T16:22:30Z,journalArticle,1995,Lentz,Mie scattering from a sonoluminescing air bubble in water,Applied Optics,10.1364/ao.34.002648,https://doi.org/10.1364/ao.34.002648
EJBFWFPY,2026-05-21T16:22:30Z,journalArticle,1990,Gaitan,Sonoluminescence from single bubbles,The Journal of the Acoustical Society of America,10.1121/1.2027990,https://doi.org/10.1121/1.2027990
JKAWWXEX,2026-05-21T16:22:30Z,journalArticle,2006,An,Mechanism of single-bubble sonoluminescence,Physical Review E,10.1103/physreve.74.026304,https://doi.org/10.1103/physreve.74.026304
LYLISYKB,2026-05-21T16:22:30Z,journalArticle,1995,Hiller,Observation of Isotope Effects in Sonoluminescence,Physical Review Letters,10.1103/physrevlett.75.3549,https://doi.org/10.1103/physrevlett.75.3549
LXF5BFXZ,2026-05-21T16:22:30Z,journalArticle,1999,Weninger,Energy Focusing in a Converging Fluid Flow: Implications for Sonoluminescence,Physical Review Letters,10.1103/physrevlett.83.2081,https://doi.org/10.1103/physrevlett.83.2081
YJJXSRU2,2026-05-21T16:22:30Z,journalArticle,2003,Guan,Time Scales for Quenching Single-Bubble Sonoluminescence in the Presence of Alcohols,The Journal of Physical Chemistry B,10.1021/jp026494z,https://doi.org/10.1021/jp026494z
CX4NS466,2026-05-21T16:22:30Z,journalArticle,1998,Yasui,Effect of surfactants on single-bubble sonoluminescence,Physical Review E,10.1103/physreve.58.4560,https://doi.org/10.1103/physreve.58.4560
3WZS6VRF,2026-05-21T16:22:30Z,journalArticle,2004,Qi-Dai,Production of large size single transient cavitation bubbles with tube arrest method,Chinese Physics,10.1088/1009-1963/13/4/028,https://doi.org/10.1088/1009-1963/13/4/028
754ZY2UI,2026-05-21T16:22:30Z,journalArticle,2002,Krefting,Two-frequency driven single-bubble sonoluminescence,The Journal of the Acoustical Society of America,10.1121/1.1509427,https://doi.org/10.1121/1.1509427
3JEXPLV7,2026-05-21T16:22:30Z,journalArticle,2000,Moraga,Role of very-high-frequency excitation in single-bubble sonoluminescence,Physical Review E,10.1103/physreve.62.2233,https://doi.org/10.1103/physreve.62.2233
VFEYFQAR,2026-05-21T16:22:30Z,journalArticle,2004,Chakravarty,Stable sonoluminescence within a water hammer tube,Physical Review E,10.1103/physreve.69.066317,https://doi.org/10.1103/physreve.69.066317
UIDVJVCP,2026-05-21T16:22:30Z,journalArticle,1998,Willison,Sonoluminescence: Proton-Tunneling Radiation,Physical Review Letters,10.1103/physrevlett.81.5430,https://doi.org/10.1103/physrevlett.81.5430
3ZZBDZNW,2026-05-21T16:22:30Z,journalArticle,2010,Ko,Measurement of Pulse Width from a Bubble Cloud under Multibubble Sonoluminescence Conditions,Journal of the Physical Society of Japan,10.1143/jpsj.79.124401,https://doi.org/10.1143/jpsj.79.124401
5JGCR3C6,2026-05-21T16:22:30Z,journalArticle,1999,Seeley,Effects of higher-order modes and harmonics in single-bubble sonoluminescence,The Journal of the Acoustical Society of America,10.1121/1.426828,https://doi.org/10.1121/1.426828
XCY2IN9F,2026-05-21T16:22:30Z,journalArticle,1999,Gaitan,Sonoluminescence and bubble stability,Physics World,10.1088/2058-7058/12/3/21,https://doi.org/10.1088/2058-7058/12/3/21
HJ5PBYJD,2026-05-21T16:22:30Z,journalArticle,2002,Holzfuss,Acoustical stability of a sonoluminescing bubble,Physical Review E,10.1103/physreve.66.046630,https://doi.org/10.1103/physreve.66.046630
3KP5SEBY,2026-05-21T16:22:30Z,journalArticle,1999,Yasui,Effect of a magnetic field on sonoluminescence,Physical Review E,10.1103/physreve.60.1759,https://doi.org/10.1103/physreve.60.1759
BMAJI4ME,2026-05-21T16:22:30Z,journalArticle,2021,Wood,The application of flow to an ultrasonic horn system: Phenol degradation and sonoluminescence,Ultrasonics Sonochemistry,10.1016/j.ultsonch.2020.105373,https://doi.org/10.1016/j.ultsonch.2020.105373
4K9NJA4W,2026-05-21T16:22:30Z,journalArticle,2023,Ferkous,Sonochemical reactor characterization in the presence of cylindrical and conical reflectors,Ultrasonics Sonochemistry,10.1016/j.ultsonch.2023.106556,https://doi.org/10.1016/j.ultsonch.2023.106556
2PGSVPKP,2026-05-21T16:22:30Z,journalArticle,2023,Zare,A fundamental study on the degradation of paracetamol under single- and dual-frequency ultrasound,Ultrasonics Sonochemistry,10.1016/j.ultsonch.2023.106320,https://doi.org/10.1016/j.ultsonch.2023.106320
GMZPTQSS,2026-05-21T16:22:30Z,journalArticle,2024,Merouani,Review on the impacts of external pressure on sonochemistry,Ultrasonics Sonochemistry,10.1016/j.ultsonch.2024.106893,https://doi.org/10.1016/j.ultsonch.2024.106893
WMTEMHL4,2026-05-21T16:22:30Z,journalArticle,2021,Perrin,Comparative study of luminescence and chemiluminescence in hydrodynamic cavitating flows and quantitative determination of hydroxyl radicals production,Ultrasonics Sonochemistry,10.1016/j.ultsonch.2020.105277,https://doi.org/10.1016/j.ultsonch.2020.105277
FWABKZPX,2026-05-21T16:22:30Z,journalArticle,2008,Hirayama,Sonoluminescence measurement of 1 MHz ultrasonic cavitation and effect of dissolved gases,Acoustical Science and Technology,10.1250/ast.29.345,https://doi.org/10.1250/ast.29.345
PM7IYMR5,2026-05-21T16:22:30Z,journalArticle,1989,Flint,Sonoluminescence from nonaqueous liquids: emission from small molecules,Journal of the American Chemical Society,10.1021/ja00200a014,https://doi.org/10.1021/ja00200a014
MTLD2UGH,2026-05-21T16:22:30Z,preprint,2025,Marcano Olaizola,Measuring the Efficiency of Raman Photoexcitation of Singlet Oxygen in Distilled Water,,10.20944/preprints202507.2572.v1,https://doi.org/10.20944/preprints202507.2572.v1
SIIT3QGU,2026-05-21T16:22:30Z,journalArticle,2014,Massari Filho,Mecanismos da reação de metabólitos α-dicarbonílicos com peroxinitrito: geração de radicais livres e oxigênio singlete. Possíveis implicações biológicas,,10.11606/t.46.2014.tde-02102014-081602,https://doi.org/10.11606/t.46.2014.tde-02102014-081602
8TDSFAXI,2026-05-21T16:22:30Z,journalArticle,1983,Lengfelder,"Effect of DABCO (1, 4-diazabicyclo [2, 2, 2]-octane) on singlet oxygen monomol (1270 nm) and dimol (634 and 703 nm) emission",FEBS Letters,10.1016/0014-5793(83)80318-4,http://onlinelibrary.wiley.com/doi/10.1016/0014-5793(83)80318-4/full
6E3R9HZU,2026-05-21T16:22:30Z,bookSection,1984,Cadenas,[26] Low-level chemiluminescence as an indicator of singlet molecular oxygen in biological systems,Methods in Enzymology,10.1016/s0076-6879(84)05029-1,https://linkinghub.elsevier.com/retrieve/pii/S0076687984050291
NJL7TBKL,2026-05-21T16:22:30Z,journalArticle,1977,Deneke,INHIBITION AND ENHANCEMENT OF SINGLET OXYGEN (‘A<sub>g</sub>) DIMOL CHEMILUMINESCENCE,Photochemistry and Photobiology,10.1111/j.1751-1097.1977.tb06914.x,
RMIYA3E9,2026-05-21T16:22:30Z,journalArticle,1994,Khan,Singlet molecular oxygen in the Haber-Weiss reaction,Proceedings of the National Academy of Sciences,10.1073/pnas.91.26.12365,https://doi.org/10.1073/pnas.91.26.12365
493TV4QV,2026-05-21T16:22:30Z,journalArticle,2014,Mano,Excited singlet molecular O2 (1Δg) is generated enzymatically from excited carbonyls in the dark,Scientific Reports,10.1038/srep05938,http://www.nature.com/articles/srep05938
RNDKJWWY,2026-05-21T16:22:30Z,journalArticle,1994,Di Mascio,Singlet molecular oxygen production in the reaction of peroxynitrite with hydrogen peroxide,FEBS Letters,10.1016/0014-5793(94)01224-5,https://febs.onlinelibrary.wiley.com/doi/abs/10.1016/0014-5793%2894%2901224-5
JJ9UFVYW,2026-05-21T16:22:30Z,journalArticle,2022,Taenzer,Development of a Deep-Sea Submersible Chemiluminescent Analyzer for Sensing Short-Lived Reactive Chemicals,Sensors,10.3390/s22051709,https://doi.org/10.3390/s22051709
ULGSXZXF,2026-05-21T16:22:30Z,journalArticle,1999,Tapley,"Free Radicals and Chemiluminescence as Products of the Spontaneous Oxidation of Sulfide in Seawater, and Their Biological Implications",The Biological Bulletin,10.2307/1543166,https://doi.org/10.2307/1543166
KGGFKGU6,2026-05-21T16:22:30Z,conferencePaper,2001,TAPLEY,CHEMILUMINESCENCE AS A PRODUCT OF THE SPONTANEOUS OXIDATION OF SULFIDE IN SEAWATER,,10.1142/9789812811158_0060,https://doi.org/10.1142/9789812811158_0060
UWMJUILV,2026-05-21T16:22:30Z,journalArticle,2023,van Erk,Reactive oxygen species affect the potential for mineralization processes in permeable intertidal flats,Nature Communications,10.1038/s41467-023-35818-4,https://www.nature.com/articles/s41467-023-35818-4
IXQAJPAN,2026-05-21T16:22:30Z,journalArticle,2022,Li,Research on Micro-Quantitative Detection Technology of Simulated Waterbody COD Based on the Ozone Chemiluminescence Method,Water,10.3390/w14030328,https://doi.org/10.3390/w14030328
7UPXRHNN,2026-05-21T16:22:30Z,journalArticle,2001,Seisenberger,Real-Time Single-Molecule Imaging of the Infection Pathway of an Adeno-Associated Virus,Science,10.1126/science.1064103,https://doi.org/10.1126/science.1064103
U5RQTIX9,2026-05-21T16:22:30Z,journalArticle,1996,Mottola,Kinetic Determinations and Some Kinetic Aspects of Analytical Chemistry,Analytical Chemistry,10.1021/a1960002k,https://doi.org/10.1021/a1960002k
5I6GZGE3,2026-05-21T16:22:30Z,journalArticle,2005,Cacciari,Nomes de lugar: Confim,Revista de letras,10.1016/j.heliyon.2021.e07767,https://doi.org/10.1016/j.heliyon.2021.e07767
FDTJRCLP,2026-05-21T16:22:30Z,journalArticle,2021,Khaoua,Stochastic light concentration from 3D to 2D reveals ultraweak chemi- and bioluminescence,Scientific Reports,10.1038/s41598-021-88091-0,https://doi.org/10.1038/s41598-021-88091-0
6MMTFAA5,2026-05-21T16:22:30Z,journalArticle,2022,Cabello,An Update on General Chemiexcitation Mechanisms in Cyclic Organic Peroxide Decomposition and the Chemiluminescent Peroxyoxalate Reaction in Aqueous Media<sup>†</sup>,Photochemistry and Photobiology,10.1111/php.13673,https://doi.org/10.1111/php.13673
5ER95ZJB,2026-05-21T16:22:30Z,journalArticle,2013,Lin,Peroxide induced ultra-weak chemiluminescence and its application in analytical chemistry,The Analyst,10.1039/c3an00910f,http://xlink.rsc.org/?DOI=c3an00910f
8MHLMCYP,2026-05-21T16:22:30Z,conferencePaper,2010,Voeikov,"Reactive oxygen species, water, photons and life.",,,http://search.ebscohost.com/login.aspx?direct=true&profile=ehost&scope=site&authtype=crawler&jrnl=18256538&AN=59414966&h=r1AWiZFTGR79tyzlFi3raREc71bfA2XwOW3xiBcJTO1ddlNpLpMMCN8h93e4EG667Pf%2FF8UdDv60fU1KI1%2BjxQ%3D%3D&crl=c
WZJSTTCK,2026-05-21T16:22:30Z,journalArticle,1989,Kurosaki,Extra‐weak chemiluminescence of drugs. VIII. Extra‐weak chemiluminescence arising from the amino‐carbonyl reaction,Journal of Bioluminescence and Chemiluminescence,10.1002/bio.1170030104,https://doi.org/10.1002/bio.1170030104
Q6NLTHH2,2026-05-21T16:22:30Z,journalArticle,1999,Vogel,Low level chemiluminescence from liquid culture media,Journal of Applied Microbiology,10.1046/j.1365-2672.1999.00784.x,https://doi.org/10.1046/j.1365-2672.1999.00784.x
IU5QRNRA,2026-05-21T16:22:30Z,journalArticle,1998,V.L.Voeikov,Nonenzymatic Amino Acid Glycation in Aqueous Solutions (Maillard Reaction): Critical Conditions for Initiation of Browning and Chemiluminescence Development,,,
D3ENB6FJ,2026-05-21T16:22:30Z,journalArticle,1996,Voeikov,Initiation of degenerate-branched chain reaction of glycine deamination with ultraweak UV irradiation or hydrogen peroxide,RUSSIAN JOURNAL OF BIOORGANIC CHEMISTRY C/C OF BIOORGANICHESKAIA KHIMIIA,,
KUUV3FGZ,2026-05-21T16:22:30Z,journalArticle,1997,V.I.,Chemiluminescence Development in Aqueous Solutions of Glycine and Glucose (Maillard Reaction): Evidence for Degenerate-Branched Chain Mechanism.,Eur. J. Chem. Clin. Biochem,,
5IDUS9KJ,2026-05-21T16:22:30Z,journalArticle,2000,Koldunov,Oscillations of Photon Emission Accompanying the Oxidative Process in Aqueous Solutions of Glycin wi,"BiophOlollics IIl1d coherelll systellls, Proceedillgs of the 211d IlIIel'llatiollal Alexallder GII/witsch COllferellce alld Additional COlllriiJutions",,
BMSXSRFS,2026-05-21T16:22:30Z,bookSection,1998,Voeikov,Weak photon emission of non-linear chemical reactions of amino acids and sugars in aqueous solutions,Biophotons,10.1007/978-94-017-0928-6_8,
QBK594EV,2026-05-21T16:22:30Z,conferencePaper,1998,Voeikov,Chemiluminescence development after initiation of Maillard reaction in aqueous solutions of glycine and glucose: nonlinearity of the process and cooperative properties of the reaction system,,10.1117/12.311888,http://proceedings.spiedigitallibrary.org/proceeding.aspx?articleid=933715
ZR5KNRNM,2026-05-21T16:22:30Z,journalArticle,1978,Slawinski,CHEMILUMINESCENCE IN THE PHOTOOXIDATION OF HUMIC ACIDS*,Photochemistry and Photobiology,10.1111/j.1751-1097.1978.tb06932.x,https://doi.org/10.1111/j.1751-1097.1978.tb06932.x
R9QIYQDL,2026-05-21T16:22:30Z,journalArticle,1994,HU,Special Articles: Environmental Sciences and Analytical Chemistry. Sensitive determination of humic acid in natural water by chemiluminescence-flow injection method.,BUNSEKI KAGAKU,10.2116/bunsekikagaku.43.1077,https://doi.org/10.2116/bunsekikagaku.43.1077
MM8RDF7B,2026-05-21T16:22:30Z,journalArticle,2005,Tian,Flow Injection Determination of Humic Acid with Chemiluminescence Detection,Analytical Letters,10.1080/00032710500318148,https://doi.org/10.1080/00032710500318148
NATAI882,2026-05-21T16:22:30Z,journalArticle,2021,DANG,Simultaneous Determination of Ammonia and Humic Acid in Natural Water by Chemiluminescence with Hypobromites,Journal of Environmental Chemistry,10.5985/jec.31.91,https://doi.org/10.5985/jec.31.91
YCH259C7,2026-05-21T16:22:30Z,conferencePaper,2011,Bin-bin Zhang,Measured humic acid in water by the potassium permanganate oxidation flow-injection chemiluminescence,,10.1109/iswrep.2011.5893681,https://doi.org/10.1109/iswrep.2011.5893681
J7688I2J,2026-05-21T16:22:30Z,journalArticle,2004,Gorączko,SECONDARY ULTRAWEAK LUMINESCENCE FROM HUMIC ACIDS INDUCED BY γ-RADIATION,"Nonlinearity in Biology, Toxicology, and Medicine",10.1080/15401420490507468,http://dos.sagepub.com/lookup/doi/10.1080/15401420490507468
DPJ5ENPA,2026-05-21T16:22:30Z,journalArticle,2008,Liang,Experimental Studies on the Chemiluminescence Reaction Mechanism of Carbonate/Bicarbonate and Hydrogen Peroxide in the Presence of Cobalt(II),The Journal of Physical Chemistry A,10.1021/jp0761822,https://doi.org/10.1021/jp0761822
3L6CEI2V,2026-05-21T16:22:30Z,journalArticle,2018,Grasso,Exploring the behaviour of water in glycerol solutions by using delayed luminescence,PLoS ONE,10.1371/journal.pone.0191861,https://doi.org/10.1371/journal.pone.0191861
I7XB7NHN,2026-05-21T16:22:30Z,journalArticle,2010,Voeikov,Activated bicarbonate solutions as models of confined ontic open system and prototypes of living respiring systems,International Journal of Design & Nature and Ecodynamics,10.2495/dne-v5-n1-30-38,https://doi.org/10.2495/dne-v5-n1-30-38
WC66U82M,2026-05-21T16:22:30Z,journalArticle,2010,Voeikov,I Sistemi Acquosi Di Bicarbonato Confermano Lo Stato Di Non Equilibrio E Mostrano Sensibilità Agli E,LA MEDICINA BIOLOGICA,,
SXPM5NRM,2026-05-21T16:22:30Z,journalArticle,2012,Voeikov,The stable nonequilibrium state of bicarbonate aqueous systems,Russian Journal of Physical Chemistry A,10.1134/s003602441209018x,http://link.springer.com/10.1134/S003602441209018X
2D9GCXLF,2026-05-21T16:22:30Z,conferencePaper,2004,Voeikov,Respiration of Water,,,
9QTK94WF,2026-05-21T16:22:30Z,journalArticle,1999,Chou,Direct Spectroscopic Evidence for 1Δ<sub>g</sub>O<sub>2</sub> Production from the Photolysis of Vanadium(V)‐Peroxo Complexes in Aqueous Solution,Photochemistry and Photobiology,10.1111/j.1751-1097.1999.tb08278.x,https://doi.org/10.1111/j.1751-1097.1999.tb08278.x
69JVBD6S,2026-05-21T16:22:30Z,journalArticle,2023,Astashev,Influence of the Vibration Impact Mode on the Spontaneous Chemiluminescence of Aqueous Protein Solutions,Physics of Wave Phenomena,10.3103/s1541308x23030020,https://doi.org/10.3103/s1541308x23030020
HZJYHUAX,2026-05-21T16:22:30Z,journalArticle,2005,Francis,Near‐infrared chemiluminescence from the oxidation of ammonia in aqueous alkaline solution,Luminescence,10.1002/bio.870,https://doi.org/10.1002/bio.870
EJQZ9EFX,2026-05-21T16:22:30Z,journalArticle,2018,Wanjala,Evidence for the Formation of Ozone (or Ozone-Like Oxidants) by the Reaction of Singlet Oxygen with Amino Acids,Journal of Chemistry,10.1155/2018/6145180,https://doi.org/10.1155/2018/6145180
TXM2C9L8,2026-05-21T16:22:30Z,journalArticle,1988,Kobayashi,Highly Sensitive Detection of Ultraweak Photon Emission from Human Breath and Sputum,THE JOURNAL OF JAPAN SOCIETY FOR LASER SURGERY AND MEDICINE,10.2530/jslsm1980.9.3_527,https://doi.org/10.2530/jslsm1980.9.3_527
DDERFVHR,2026-05-21T16:22:30Z,journalArticle,2024,Sasak,Light Emission from Fe2+-EGTA-H2O2 System Depends on the pH of the Reaction Milieu within the Range That May Occur in Cells of the Human Body,Molecules,10.3390/molecules29174014,https://www.mdpi.com/1420-3049/29/17/4014
PYG26LTJ,2026-05-21T16:22:30Z,journalArticle,2018,Nowak,Light Emission from the Fe2+-EGTA-H2O2 System: Possible Application for the Determination of Antioxidant Activity of Plant Phenolics,Molecules,10.3390/molecules23040866,https://www.mdpi.com/1420-3049/23/4/866
LCKVY99W,2026-05-21T16:22:30Z,journalArticle,1998,Sharov,Sensitization of Peroxynitrite Chemiluminescence by the Triplet Carbonyl Sensitizer Coumarin-525. Effect of CO2,Photochemistry and Photobiology,10.1111/j.1751-1097.1998.tb05286.x,https://onlinelibrary.wiley.com/doi/abs/10.1111/j.1751-1097.1998.tb05286.x
R2L4HFUU,2026-05-21T16:22:30Z,journalArticle,2012,Ivanova,Mechanism of chemiluminescence in Fenton reaction,Journal of Biophysical Chemistry,10.4236/jbpc.2012.31011,http://www.scirp.org/journal/doi.aspx?DOI=10.4236/jbpc.2012.31011
JA7XKRNA,2026-05-21T16:22:30Z,journalArticle,1989,Cilento,Generation of triplet carbonyl compounds during peroxidase catalysed reactions,Luminescence,10.1002/bio.1170040128,https://doi.org/10.1002/bio.1170040128
I2MWLK5I,2026-05-21T16:22:30Z,journalArticle,1965,GURWITSCH,Ultra-Weak Emission in the Visible and Ultra-Violet Regions in Oxidation of Solutions of Glycine by Hydrogen Peroxide,Nature,10.1038/206020b0,
A3GVYTDX,2026-05-21T16:22:30Z,journalArticle,2000,Yanagawa,Sustaining Faculty of Living Functions and Its Biophoton Observation,Journal of International Society of Life Information Science,10.18936/islis.18.2_423,
6922K5GL,2026-05-21T16:22:30Z,journalArticle,2007,Gallep,Photon-counts during germination of wheat (Triticum aestivum) in wastewater sediment solutions correlated with seedling growth,Seed Science and Technology,10.15258/sst.2007.35.3.08,http://www.ingentaconnect.com/content/ista/sst/2007/00000035/00000003/art00008
82NU7P2F,2026-05-21T16:22:30Z,journalArticle,2015,Bereta,Hydroxyl Radical Induced Ultra-weak Photon Emission from Tyrosine Solutions,Communications,10.26552/com.c.2015.4.3-7,https://doi.org/10.26552/com.c.2015.4.3-7
QFKH6CP4,2026-05-21T16:22:30Z,journalArticle,1993,Wang,A study of ultraweak luminescence in evolution of oxygen at Pt electrodes,Electrochimica Acta,10.1016/0013-4686(93)85138-o,https://linkinghub.elsevier.com/retrieve/pii/001346869385138O
4CZ4RSZE,2026-02-24T19:52:01Z,conferencePaper,2015,Tománek,Optical spectral analysis of ultra-weak photon emission from tissue culture and yeast cells,,10.1117/12.2069897,http://proceedings.spiedigitallibrary.org/proceeding.aspx?doi=10.1117/12.2069897
2QFEFH3W,2026-02-24T19:51:51Z,conferencePaper,2015,Červinková,Chemical modulation of the ultra-weak photon emission from Saccharomyces cerevisiae and differentiated HL-60 cells,,10.1117/12.2070424,
WYZU29J9,2026-02-24T19:51:16Z,journalArticle,2021,Bereta,Biological autoluminescence as a noninvasive monitoring tool for chemical and physical modulation of oxidation in yeast cell culture,Scientific Reports,10.1038/s41598-020-79668-2,https://doi.org/10.1038/s41598-020-79668-2
4E2692BE,2026-02-24T19:48:48Z,journalArticle,2024,Bereta,Biological autoluminescence enables effective monitoring of yeast cell electroporation,Biotechnology Journal,10.1002/biot.202300475,https://onlinelibrary.wiley.com/doi/abs/10.1002/biot.202300475
8HVY39GL,2026-02-24T19:48:40Z,journalArticle,2023,Vahalová,Biological autoluminescence as a perturbance-free method for monitoring oxidation in biosystems,Progress in Biophysics and Molecular Biology,10.1016/j.pbiomolbio.2022.10.009,https://doi.org/10.1016/j.pbiomolbio.2022.10.009
76S76636,2026-02-24T19:47:51Z,journalArticle,2015,Cifra,Ultraslabá emise fotonů z biologických systémů: fyzikální podstata a potenciální aplikace,Čs. čas. fyz,,http://www.ufe.cz/sites/default/files/teams/bioelektrodynamika/2015-cifrapospisil-cscf-upe.pdf
A9MG55PU,2026-02-18T14:34:44Z,journalArticle,2024,Sefati,Monitoring Alzheimer's disease via ultraweak photon emission,iScience,10.1016/j.isci.2023.108744,
XISNGS9M,2026-02-17T15:07:39Z,journalArticle,1979,Allen,Chemiluminescence from Eukaryotic and Prokaryotic Cells: Reducing Potential and Oxygen Requirements,Photochemistry and Photobiology,10.1111/j.1751-1097.1979.tb07129.x,https://doi.org/10.1111/j.1751-1097.1979.tb07129.x
4QRZEGYR,2026-02-17T15:06:08Z,journalArticle,1999,Vogel,Weak light emission patterns from lactic acid bacteria,Luminescence,10.1002/(sici)1522-7243(199903/04)14:2<99::aid-bio519>3.0.co;2-7,http://doi.wiley.com/10.1002/%28SICI%291522-7243%28199903/04%2914%3A2%3C99%3A%3AAID-BIO519%3E3.0.CO%3B2-7
EGM5WZPT,2026-02-17T15:05:38Z,journalArticle,1998,Vogel,Chemiluminescence patterns from bacterial cultures undergoing bacteriophage induced mass lysis,Bioelectrochemistry and Bioenergetics,10.1016/s0302-4598(98)00123-8,http://linkinghub.elsevier.com/retrieve/pii/S0302459898001238
P3IHSFSD,2026-02-17T15:05:38Z,journalArticle,1998,Vogel,Interaction of bacterial cells with weak light emission from culture media,Bioelectrochemistry and Bioenergetics,10.1016/s0302-4598(98)00067-1,http://linkinghub.elsevier.com/retrieve/pii/S0302459898000671
DSQWU2BP,2026-02-17T15:04:22Z,journalArticle,1979,Shvinka,Production of Superoxide Radicals during Bacterial Respiration,Journal of General Microbiology,10.1099/00221287-113-2-377,https://doi.org/10.1099/00221287-113-2-377
LMJANFGN,2026-02-11T10:27:02Z,book,2014,Wijk,Light in Shaping Life: Biophotons in Biology and Medicine,,,
NGJ4CJ7W,2026-02-11T10:27:02Z,book,2017,Wijk,"Biophoton Technology in Energy and Vitality Diagnostics. A Multi-disciplinary, Systems biology, and Biotechnology Appraoch",,,
9N8UNCTY,2026-02-11T10:17:46Z,journalArticle,2005,Bennett,Biophoton Imaging: A Nondestructive Method for Assaying <i>R</i> Gene Responses,Molecular Plant-Microbe Interactions®,10.1094/mpmi-18-0095,https://apsjournals.apsnet.org/doi/10.1094/MPMI-18-0095
68CUIVWF,2026-02-10T16:47:20Z,journalArticle,2021,Vahalová,Biological autoluminescence for assessing oxidative processes in yeast cell cultures,Scientific Reports,10.1038/s41598-021-89753-9,https://www.nature.com/articles/s41598-021-89753-9
IWX36VHG,2026-02-10T16:47:20Z,journalArticle,2021,Zhang,Quantum correlating measurements of human-body delayed luminescence and preliminary experimental results,OSA Continuum,10.1364/osac.412492,https://opg.optica.org/osac/abstract.cfm?uri=osac-4-2-455
G6G5KJ5L,2026-02-10T16:47:20Z,journalArticle,2013,Caswell,Cerebral Biophoton Emission as a Potential Factor in Non-Local Human-Machine Interaction,NeuroQuantology,10.14704/nq.2014.12.1.713,https://neuroquantology.com/article.php?id=1142
77QKWT8E,2026-02-10T16:47:20Z,journalArticle,,Joines,ELECTROMAGNETIC EMISSION FROM HUMANS DURING FOCUSED INTENT,,,
ZELNM4CV,2026-02-10T16:47:20Z,journalArticle,2005,Lipkova,Existence of Electromagnetic Radiation in Humans in ELF Band,PIERS Online,10.2529/piers041208101326,http://piers.mit.edu/piersonline/piers.php?year=2005&volume=1&number=2&page=227
GSZTYRZN,2026-02-10T16:47:20Z,conferencePaper,2007,Van Wijk,Studies on the mechanism for low-light effects utilizing color filters in the human ultra-weak photon emission field,,10.1117/12.698120,http://proceedings.spiedigitallibrary.org/proceeding.aspx?doi=10.1117/12.698120
8WGSYF2P,2026-02-10T16:47:20Z,journalArticle,,Wijk,Research on Non-invasive Recording of Low-level Luminescence in ROS- related Human Pathogenesis: State of the Art.,,,
6LQVSYAA,2026-02-10T16:47:20Z,journalArticle,2005,Van Wijk,Color filters and human photon emission: Implications for auriculomedicine,EXPLORE,10.1016/j.explore.2004.12.003,https://linkinghub.elsevier.com/retrieve/pii/S1550830704000217
65H5HD49,2026-02-10T16:47:20Z,journalArticle,2015,"Scientific Research Center of Medical Biophysics (SRC MB), Bulgaria",Evaluation of Possible Methods and Approaches for Registering of Non-Ionizing Radiation Emitted from the Human Body,European Journal of Medicine,10.13187/ejm.2015.8.67,https://ejm.cherkasgu.press/journals_n/1435910098.pdf
9TWBGBRJ,2026-02-10T16:47:20Z,journalArticle,2005,Lipkova,Human electromagnetic emission in the ELF band,MEASUREMENT SCIENCE REVIEW,,
ZXMLC5D2,2026-02-10T16:47:20Z,journalArticle,,Wijk,THE SEARCH FOR A BIOSENSOR AS A WITNESS OF A HUMAN LAYING ON OF HANDS RITUAL,,,
P6CLS74R,2026-02-10T16:47:20Z,journalArticle,,Zheng,Preliminary Measurement of Electromagnetic Fields and Microdischarges From the Human Body,,,
HRP47C4V,2026-02-10T16:47:20Z,journalArticle,2011,Scholkmann,Using multifractal analysis of ultra-weak photon emission from germinating wheat seedlings to differentiate between two grades of intoxication with potassium dichromate,Journal of Physics: Conference Series,10.1088/1742-6596/329/1/012020,https://dx.doi.org/10.1088/1742-6596/329/1/012020
GXMXJHJK,2026-02-10T16:47:20Z,journalArticle,2025,Ghaffari,The impact of ketamine and thiopental anesthesia on ultraweak photon emission and oxidative-nitrosative stress in rat brains,Frontiers in Systems Neuroscience,10.3389/fnsys.2025.1502589,https://www.frontiersin.org/journals/systems-neuroscience/articles/10.3389/fnsys.2025.1502589/full
ZRYQUEFN,2026-02-10T16:47:20Z,journalArticle,2020,Govardovskii,Biophotons and visual phenomena,Rossiĭskii fiziologicheskiĭ zhurnal imeni I.M. Sechenova / Rossiĭskaia akademiia nauk,10.31857/s0869813920080117,
UFTEZ6EY,2026-02-10T16:47:20Z,journalArticle,2016,Footitt,Ultra-weak Photon Emission from the Seed Coat in Response to Temperature and Humidity - A Potential Mechanism for Environmental Signal Transduction in the Soil Seed Bank,Photochemistry and photobiology,10.1111/php.12616,
TRDCZ7FL,2026-02-10T16:47:20Z,journalArticle,2001,Haraguchi,Biophoton Change by Mental Concentration,Journal of International Society of Life Information Science,10.18936/islis.19.2_373,
X87T4IUP,2026-02-10T16:47:20Z,preprint,2025,Kovács,Ultra-Weak Photon Emission: From Oxidative Metabolism to DNA -Based Communication Towards the New Quantum Biology?,,10.20944/preprints202511.0381.v1,https://www.preprints.org/manuscript/202511.0381
AHPVCT2F,2026-02-10T16:47:20Z,journalArticle,2003,Popp,Properties of biophotons and their theoretical implications,Indian journal of experimental biology,,https://www.semanticscholar.org/paper/Properties-of-biophotons-and-their-theoretical-Popp/cf230c111e6374974bd8e608ea1cc1936f6f25d8
I246T68A,2026-02-10T16:47:20Z,journalArticle,2013,Persinger,Bright light transmits through the brain: Measurement of photon emissions and frequency-dependent modulation of spectral electroencephalographic power,World Journal of Neuroscience,10.4236/wjns.2013.31002,https://www.scirp.org/journal/paperinformation?paperid=27901
NK69WAKF,2026-02-10T16:47:20Z,journalArticle,2011,Dotta,Increased Photon Emissions from the Right But Not the Left Hemisphere While Imagining White Light in the Dark: The Potential Connection Between Consciousness and Cerebral Light,Journal of Consciousness Exploration & Research,,https://www.semanticscholar.org/paper/Increased-Photon-Emissions-from-the-Right-But-Not-Dotta-Persinger/8ea89a9877c4acd58e0110845486ffd1f0479211
NDK93V49,2026-02-10T16:47:20Z,journalArticle,2012,Dotta,Increased photon emission from the head while imagining light in the dark is correlated with changes in electroencephalographic power: Support for Bókkon's biophoton hypothesis,Neuroscience Letters,10.1016/j.neulet.2012.02.021,https://linkinghub.elsevier.com/retrieve/pii/S030439401200208X
F5R4V3I6,2026-02-10T16:47:20Z,journalArticle,2025,Hoh Kam,Red and near-infrared light treatment can change the intensity of biophoton emissions in cell culture,Scientific Reports,10.1038/s41598-025-22344-0,https://www.nature.com/articles/s41598-025-22344-0
S48BBYDB,2026-02-10T16:47:20Z,journalArticle,1993,Risk,Biophoton emissions from cell cultures: biochemical evidence for the plasma membrane as the primary source,Compact Blue-Green Lasers,,https://www.semanticscholar.org/paper/Biophoton-emissions-from-cell-cultures%3A-biochemical-Dotta-Buckner/6970d294eec9df48439b24a5bf430d13cddc4c5d
MD5BUZ6U,2026-02-10T16:47:20Z,journalArticle,2012,Dotta,"“Doubling” of local photon emissions when two simultaneous, spatially-separated, chemiluminescent reactions share the same magnetic field configurations",Journal of Biophysical Chemistry,10.4236/jbpc.2012.31009,http://www.scirp.org/journal/doi.aspx?DOI=10.4236/jbpc.2012.31009
2Y4956Q8,2026-02-10T16:47:20Z,journalArticle,2025,Casey,Exploring ultraweak photon emissions as optical markers of brain activity,iScience,10.1016/j.isci.2025.112019,https://pmc.ncbi.nlm.nih.gov/articles/PMC11927727/
T7JN5AZK,2026-02-10T16:47:20Z,bookSection,2003,Popp,"Biophotons — Background, Experimental Results, Theoretical Approach and Applications",Integrative Biophysics,10.1007/978-94-017-0373-4_12,https://link.springer.com/10.1007/978-94-017-0373-4_12
3MV8J8N3,2026-02-10T16:47:20Z,journalArticle,1984,Popp,Biophoton emission,Cell Biophysics,10.1007/bf02788579,https://doi.org/10.1007/BF02788579
T4AWE5PS,2026-02-10T16:47:20Z,journalArticle,2017,Saraiva,Photonic Counterparts of Cooper Pairs,Physical Review Letters,10.1103/physrevlett.119.193603,https://link.aps.org/doi/10.1103/PhysRevLett.119.193603
9BRWG6IC,2026-02-10T16:47:20Z,journalArticle,1979,Cercek,INVOLVEMENT OF MITOCHONDRIA IN CHANGES OF FLUORESCEIN EXCITATION AND EMISSION POLARIZATION SPECTRA IN LIVING CELLS,,,
T6CF2R9X,2026-02-10T16:47:20Z,journalArticle,2016,Shi,Photon Entanglement Through Brain Tissue,Scientific Reports,10.1038/srep37714,https://www.nature.com/articles/srep37714
2HLVJFW3,2026-02-10T16:47:20Z,journalArticle,2005,Ntziachristos,Looking and listening to light: the evolution of whole-body photonic imaging,Nature Biotechnology,10.1038/nbt1074,https://www.nature.com/articles/nbt1074
IFJVM74T,2026-02-10T16:47:20Z,journalArticle,2018,Naumova,Historical review of early researches on mitogenetic radiation: from discovery to cancer diagnostics,Journal of Biomedical Photonics & Engineering,10.18287/jbpe18.04.040201,http://jbpe.ssau.ru/index.php/JBPE/article/view/3308
L6HSA6CY,2026-02-10T16:47:20Z,journalArticle,2015,Maghrebi,Coulomb bound states of strongly interacting photons,Physical Review Letters,10.1103/physrevlett.115.123601,http://arxiv.org/abs/1505.03859
5KIJMNHQ,2026-02-10T16:47:20Z,journalArticle,2007,Livet,Transgenic strategies for combinatorial expression of fluorescent proteins in the nervous system,Nature,10.1038/nature06293,https://www.nature.com/articles/nature06293
7PC8Z5S8,2026-02-10T16:47:20Z,journalArticle,2018,Giorgi,"The machineries, regulation and cellular functions of mitochondrial calcium",Nature Reviews Molecular Cell Biology,10.1038/s41580-018-0052-8,https://www.nature.com/articles/s41580-018-0052-8
4HS2G76Z,2026-02-10T16:47:20Z,journalArticle,2014,Sanders,Speculations about Bystander and Biophotons,Dose-Response,10.2203/dose-response.14-002.sanders,https://journals.sagepub.com/doi/10.2203/dose-response.14-002.Sanders
DXL2ZNH4,2026-02-10T16:47:20Z,journalArticle,2010,Bass,Circadian Integration of Metabolism and Energetics,Science,10.1126/science.1195027,https://www.science.org/doi/10.1126/science.1195027
E7TXPNDR,2026-02-10T16:47:20Z,journalArticle,2008,Bajpai,Quantum nature of photon signal emitted by Xanthoria parietina and its implications to biology,INDIAN J EXP BIOL,,
AIWM6N73,2026-02-10T16:47:20Z,journalArticle,2021,Ikeya,Cellular autofluorescence is magnetic field sensitive,Proceedings of the National Academy of Sciences,10.1073/pnas.2018043118,https://pnas.org/doi/full/10.1073/pnas.2018043118
3YBHJJUP,2026-02-10T16:47:20Z,journalArticle,2017,He,Spontaneous ultra-weak photon emission in correlation to inflammatory metabolism and oxidative stress in a mouse model of collagen-induced arthritis,Journal of Photochemistry and Photobiology B: Biology,10.1016/j.jphotobiol.2016.12.036,https://linkinghub.elsevier.com/retrieve/pii/S1011134416307539
8LDPBED4,2026-02-10T16:47:20Z,journalArticle,2019,Duan,The cell-wide web coordinates cellular processes by directing site-specific Ca2+ flux across cytoplasmic nanocourses,Nature Communications,10.1038/s41467-019-10055-w,https://www.nature.com/articles/s41467-019-10055-w
AW2UBQKK,2026-02-10T16:47:20Z,journalArticle,,Trushin,Distant Non-chemical Communication in Various Biological Systems,,,
FEM9YZ75,2026-02-10T16:47:20Z,journalArticle,2013,Kučera,Cell-to-cell signaling through light: just a ghost of chance?,Cell Communication and Signaling,10.1186/1478-811x-11-87,http://biosignaling.biomedcentral.com/articles/10.1186/1478-811X-11-87
LL5H3GV7,2026-02-10T16:47:20Z,journalArticle,2002,Walenta,Metabolic mapping with bioluminescence: basic and clinical relevance,Biomolecular Engineering,10.1016/s1389-0344(01)00107-1,https://linkinghub.elsevier.com/retrieve/pii/S1389034401001071
JE2KICPY,2026-02-10T16:47:20Z,journalArticle,2016,Kumar,Possible existence of optical communication channels in the brain,Scientific Reports,10.1038/srep36508,https://www.nature.com/articles/srep36508
KPBWVF2R,2026-02-10T16:47:20Z,journalArticle,2015,Krenn,Twisted photon entanglement through turbulent air across Vienna,Proceedings of the National Academy of Sciences,10.1073/pnas.1517574112,https://pnas.org/doi/full/10.1073/pnas.1517574112
843XPMJC,2026-02-10T16:47:20Z,journalArticle,2019,He,Traditional Chinese Medicine-Based Subtyping of Early-Stage Type 2 Diabetes Using Plasma Metabolomics Combined with Ultra-Weak Photon Emission,Engineering,10.1016/j.eng.2019.03.011,https://linkinghub.elsevier.com/retrieve/pii/S2095809918306696
JJ8I9P9Y,2026-02-10T16:47:20Z,journalArticle,1991,Galle,Biophoton emission from Daphnia magna: A possible factor in the self-regulation of swarming,Experientia,10.1007/bf01959943,http://link.springer.com/10.1007/BF01959943
DEDPP32W,2026-02-10T16:47:20Z,journalArticle,2017,Fels,Endogenous physical regulation of population density in the freshwater protozoan Paramecium caudatum,Scientific Reports,10.1038/s41598-017-14231-0,https://www.nature.com/articles/s41598-017-14231-0
D32TUYRZ,2026-02-10T16:47:20Z,journalArticle,2016,Fels,Physical Non-Contact Communication between Microscopic Aquatic Species: Novel Experimental Evidences for an Interspecies Information Exchange,Journal of Biophysics,10.1155/2016/7406356,https://www.hindawi.com/journals/jbp/2016/7406356/
EMHGAY7R,2026-02-10T16:47:20Z,journalArticle,2009,Fels,Cellular Communication through Light,PLoS ONE,10.1371/journal.pone.0005086,https://dx.plos.org/10.1371/journal.pone.0005086
62AVW6QV,2026-02-10T16:47:20Z,journalArticle,2014,Farhadi,Non-Chemical Distant Cellular Interactions as a potential confounder of cell biology experiments,Frontiers in Physiology,10.3389/fphys.2014.00405,http://journal.frontiersin.org/article/10.3389/fphys.2014.00405/abstract
374KXDUI,2026-02-10T16:47:20Z,journalArticle,2007,Engel,Evidence for wavelike energy transfer through quantum coherence in photosynthetic systems,Nature,10.1038/nature05678,https://www.nature.com/articles/nature05678
ACXE294Z,2026-02-10T16:47:20Z,journalArticle,2011,Persinger,Temporal Patterns of Photon Emissions Can Be Stored and Retrieved Several Days Later From the “Same Space”: Experimental and Quantitative Evidence,NeuroQuantology,10.14704/nq.2011.9.4.467,https://neuroquantology.com/article.php?id=2283
WJYH9IKS,2026-02-10T16:47:20Z,journalArticle,2018,Chrétien,Mitochondria are physiologically maintained at close to 50 °C,PLOS Biology,10.1371/journal.pbio.2003992,https://dx.plos.org/10.1371/journal.pbio.2003992
4KA924ZM,2026-02-10T16:47:20Z,journalArticle,2015,Caligiuri,"Zero-Point Field, QED Coherence, Living Systems and Biophotons Emission",Open Journal of Biophysics,10.4236/ojbiphy.2015.51002,http://www.scirp.org/journal/doi.aspx?DOI=10.4236/ojbiphy.2015.51002
278GQIMR,2026-02-10T16:47:20Z,journalArticle,2000,Burlakov,Distant wave-mediated interactions in early embryonic development of the loachMisgurnus fossilis L.,Russian Journal of Developmental Biology,10.1007/bf02758907,http://link.springer.com/10.1007/BF02758907
8VYKRRB2,2026-02-10T16:47:20Z,journalArticle,2016,Burgos,Tracking biochemical changes correlated with ultra-weak photon emission using metabolomics,Journal of Photochemistry and Photobiology B: Biology,10.1016/j.jphotobiol.2016.08.030,https://linkinghub.elsevier.com/retrieve/pii/S1011134416302871
U733CFFC,2026-02-10T16:47:20Z,journalArticle,2016,Burgos,Crossing the Boundaries of Our Current Healthcare System by Integrating Ultra-Weak Photon Emissions with Metabolomics,Frontiers in Physiology,10.3389/fphys.2016.00611,http://journal.frontiersin.org/article/10.3389/fphys.2016.00611/full
QWAS8KBB,2026-02-10T16:47:20Z,journalArticle,,Brouder,Coherence and statistical properties of ultra-weak photon emission,,,
63WTEKKM,2026-02-10T16:47:20Z,journalArticle,,Chaban,Physically disconnected non-diffusible cell-to-cell communication between neuroblastoma SH-SY5Y and DRG primary sensory neurons,,,
K3ZNMAL2,2026-02-10T16:47:20Z,journalArticle,2005,Albrecht-Buehler,A long-range attraction between aggregating 3T3 cells mediated by near-infrared light scattering,Proceedings of the National Academy of Sciences,10.1073/pnas.0407763102,https://pnas.org/doi/full/10.1073/pnas.0407763102
WIJDKRQ2,2026-02-10T16:47:20Z,journalArticle,1992,Albrecht-Buehler,"Rudimentary form of cellular ""vision""",Proceedings of the National Academy of Sciences,10.1073/pnas.89.17.8288,https://pnas.org/doi/full/10.1073/pnas.89.17.8288
NIKZBAGZ,2026-02-10T16:47:20Z,journalArticle,2009,Brizhik,Effects of Periodic Electromagnetic Field on Charge Transport in Macromolecules,Electromagnetic Biology and Medicine,10.1080/15368370802708223,http://www.tandfonline.com/doi/full/10.1080/15368370802708223
ZXSXRYDQ,2026-02-10T16:47:20Z,journalArticle,2018,Bordoni,Emission of Biophotons and Adjustable Sounds by the Fascial System: Review and Reflections for Manual Therapy,Journal of Evidence-Based Integrative Medicine,10.1177/2515690x17750750,https://journals.sagepub.com/doi/10.1177/2515690X17750750
HLGCRSTL,2026-02-10T16:47:20Z,journalArticle,,Beloussov,Biophotonic patterns of optical interactions between fish eggs and embryos,,,
A8KGLSND,2026-02-10T16:47:20Z,journalArticle,,Bajpai,"Biophotonic route for understanding mind, brain, and the world",,,
FDTADK4T,2026-02-10T16:47:20Z,journalArticle,1980,Kaznacheev,Distant intercellular electromagnetic interaction between two tissue cultures,Bulletin of Experimental Biology and Medicine,10.1007/bf00834249,http://link.springer.com/10.1007/BF00834249
FMNLGXXS,2026-02-10T16:47:20Z,journalArticle,2017,Madl,Oscillations of ultra-weak photon emission from cancer and non-cancer cells stressed by culture medium change and TNF-α,Scientific Reports,10.1038/s41598-017-10949-z,https://www.nature.com/articles/s41598-017-10949-z
8JNSK74U,2026-02-10T16:47:20Z,journalArticle,2018,Zarkeshian,Are there optical communication channels in the brain?,Frontiers in Bioscience,10.2741/4652,http://arxiv.org/abs/1708.08887
URVACVE4,2026-02-10T16:47:20Z,journalArticle,2015,Volodyaev,Revisiting the mitogenetic effect of ultra-weak photon emission,Frontiers in Physiology,10.3389/fphys.2015.00241,http://journal.frontiersin.org/Article/10.3389/fphys.2015.00241/abstract
IWVKWGTC,2026-02-10T16:47:20Z,journalArticle,2017,Tsai,Biological effects and medical applications of infrared radiation,Journal of Photochemistry and Photobiology B: Biology,10.1016/j.jphotobiol.2017.04.014,https://linkinghub.elsevier.com/retrieve/pii/S1011134416311691
Y54GTDYK,2026-02-10T16:47:20Z,journalArticle,2010,Sun,Biophotons as neural communication signals demonstrated by in situ biophoton autography,Photochemical & Photobiological Sciences,10.1039/b9pp00125e,https://link.springer.com/10.1039/b9pp00125e
6B4YUQTS,2026-02-10T16:47:20Z,journalArticle,2019,Usui,Non-invasive visualization of physiological changes of insects during metamorphosis based on biophoton emission imaging,Scientific Reports,10.1038/s41598-019-45007-3,https://www.nature.com/articles/s41598-019-45007-3
QQ9VXHVF,2026-02-10T16:47:20Z,journalArticle,2015,Alvermann,Biological electric fields and rate equations for biophotons,European Biophysics Journal,10.1007/s00249-015-1011-3,http://link.springer.com/10.1007/s00249-015-1011-3
J5ACCWS4,2026-02-10T16:47:20Z,journalArticle,2009,Škarja,Electric Field Absorption and Emission as an Indicator of Active Electromagnetic Nature of Organisms—Preliminary Report,Electromagnetic Biology and Medicine,10.1080/15368370802711854,http://www.tandfonline.com/doi/full/10.1080/15368370802711854
RTJL7XN9,2026-02-10T16:47:20Z,journalArticle,2017,Shi,Biophotonics in China,Journal of Biophotonics,10.1002/jbio.201790012,https://onlinelibrary.wiley.com/doi/10.1002/jbio.201790012
CUNDZ52G,2026-02-10T16:47:20Z,journalArticle,2016,Scholkmann,Long range physical cell-to-cell signalling via mitochondria inside membrane nanotubes: a hypothesis,Theoretical Biology and Medical Modelling,10.1186/s12976-016-0042-5,https://tbiomed.biomedcentral.com/articles/10.1186/s12976-016-0042-5
9I76SYHN,2026-02-10T16:47:20Z,journalArticle,,Rubik,"EFFECTS OF INTENTION, ENERGY HEALING, AND MIND-BODY STATES ON BIOPHOTON EMISSION",,,
DVLTUSTX,2026-02-10T16:47:20Z,journalArticle,2011,Rossi,New perspectives in cell communication: Bioelectromagnetic interactions,Seminars in Cancer Biology,10.1016/j.semcancer.2011.04.003,https://linkinghub.elsevier.com/retrieve/pii/S1044579X11000289
CRDFT7SH,2026-02-10T16:47:20Z,journalArticle,1998,Rieke,Single-photon detection by rod cells of the retina,Reviews of Modern Physics,10.1103/revmodphys.70.1027,https://link.aps.org/doi/10.1103/RevModPhys.70.1027
T5KYPHGI,2026-02-10T16:47:20Z,journalArticle,,Rác,Ultra-weak photon emission from U937 cell culture,,,
95JZRP6C,2026-02-10T16:47:20Z,journalArticle,2014,,Ultraweak Electromagnetic Wavelength Radiation as Biophotonic Signals to Regulate Life Processes,Journal of Electrical & Electronic Systems,10.4172/2332-0796.1000126,http://www.omicsgroup.org/journals/ultraweak-electromagnetic-wavelength-radiation-as-biophotonic-signals-to-regulate-life-processes-2332-0796.1000126.php?aid=25407
QZQA8Z2E,2026-02-10T16:47:20Z,journalArticle,2016,Pang,Classification of Chinese herbs based on the cluster analysis of delayed luminescence,Luminescence,10.1002/bio.2987,https://analyticalsciencejournals.onlinelibrary.wiley.com/doi/10.1002/bio.2987
LLNCDZPL,2026-02-10T16:47:20Z,journalArticle,2015,Navrotsky,Patterns of Skin Luminescence Resulting from the Visualization of Active Acupuncture Points Using Optical Stimulation,Integrative Medicine International,10.1159/000433470,https://karger.com/article/doi/10.1159/000433470
FW6QMMKM,2026-02-10T16:47:20Z,journalArticle,2018,Murugan,Biophotonic markers of malignancy: Discriminating cancers using wavelength-specific biophotons,Biochemistry and Biophysics Reports,10.1016/j.bbrep.2017.11.001,https://linkinghub.elsevier.com/retrieve/pii/S2405580817301590
GT38UZWG,2026-02-10T16:47:20Z,journalArticle,1984,Bat'yanov,Distant-optical interaction of mitochondria through quartz,Bulletin of Experimental Biology and Medicine,10.1007/bf00804160,https://doi.org/10.1007/BF00804160
RJDMWBRB,2026-02-10T16:47:20Z,journalArticle,2022,Pónya,Modelling biophoton emission kinetics based on the initial intensity value in Helianthus annuus plants exposed to different types of stress,Scientific Reports,10.1038/s41598-022-06323-3,https://www.nature.com/articles/s41598-022-06323-3
BRRGUWF3,2026-02-10T16:47:20Z,journalArticle,2001,Tuszyński,Quantitative analysis of the frequency spectrum of the radiation emitted by cytochrome oxidase enzymes,Physical Review E,10.1103/physreve.64.051915,https://link.aps.org/doi/10.1103/PhysRevE.64.051915
UBM7XQAQ,2026-02-10T16:47:20Z,journalArticle,2023,Mould,Non-chemical signalling between mitochondria,Frontiers in Physiology,10.3389/fphys.2023.1268075,https://www.frontiersin.org/journals/physiology/articles/10.3389/fphys.2023.1268075/full
9A9MCPE3,2026-02-10T16:47:20Z,journalArticle,2025,Archana Lakshmaiah,Justification of Ultra weak Photon Emission as a Biomarker for Mitochondrial Function in Plants,The Academic,10.5281/zenodo.15651514,https://zenodo.org/records/15651514
FWGWZTNS,2026-02-10T16:47:20Z,preprint,2023,Langer,Why are spontaneous bio photons observed only in living organisms? The key role of the proton current in ultra-weak photon emission,,10.1101/2023.09.15.557955,https://www.biorxiv.org/content/10.1101/2023.09.15.557955v1
F5GWRPF2,2026-02-10T16:47:20Z,journalArticle,2011,Rahnama,Emission of mitochondrial biophotons and their effect on electrical activity of membrane via microtubules,Journal of Integrative Neuroscience,10.1142/s0219635211002622,https://www.worldscientific.com/doi/abs/10.1142/S0219635211002622
5WWB6FK8,2026-02-10T16:47:20Z,journalArticle,2017,Burgos,Ultra-weak photon emission as a dynamic tool for monitoring oxidative stress metabolism,Scientific Reports,10.1038/s41598-017-01229-x,https://www.nature.com/articles/s41598-017-01229-x
XNX3PKQK,2026-02-10T16:47:20Z,webpage,,,Fields of the cell,,10.13140/rg.2.1.1029.7044,https://www.researchgate.net/publication/281409607_Fields_of_the_cell
LS4XNKLV,2026-02-10T16:47:20Z,journalArticle,,van Wijk,Biofotonen en meridianen: op weg naar een nieuwe effectmaat,,,
FXXSR4ZD,2026-02-10T16:47:20Z,journalArticle,,van Wijk,Bio-photons and Bio-communication,,,
EXEG33MZ,2026-02-10T16:47:20Z,journalArticle,2024,Paolis,Biophotons: A Hard Problem,Applied Sciences,10.3390/app14135496,https://www.mdpi.com/2076-3417/14/13/5496
HBUBCYH4,2026-02-10T16:47:20Z,journalArticle,2024,Babcock,Open quantum systems theory of ultraweak ultraviolet photon emissions: Revisiting Gurwitsch's onion experiment as a prototype for quantum biology,Computational and Structural Biotechnology Journal,10.1016/j.csbj.2024.11.030,https://www.csbj.org/article/S2001-0370(24)00401-X/fulltext
9H4I7YS2,2026-02-10T16:47:20Z,journalArticle,2014,Dotta,Magnetic Field Configurations Corresponding to Electric Field Patterns That Evoke Long-Term Potentiation Shift Power Spectra of Light Emissions from Microtubules from Non-Neural Cells,Open Journal of Biophysics,10.4236/ojbiphy.2014.44013,https://www.scirp.org/journal/paperinformation?paperid=49956
HNCL9VR4,2026-02-10T16:47:20Z,journalArticle,2025,Salari,Imaging Ultraweak Photon Emission from Living and Dead Mice and from Plants under Stress,The Journal of Physical Chemistry Letters,10.1021/acs.jpclett.4c03546,https://doi.org/10.1021/acs.jpclett.4c03546
AGZLKNNC,2026-02-10T16:47:20Z,journalArticle,2024,Pietruszka,Ultra-weak photon emission from DNA,Scientific Reports,10.1038/s41598-024-80469-0,https://www.nature.com/articles/s41598-024-80469-0
KSVJYXLE,2026-02-10T16:47:20Z,journalArticle,2020,Prasad,Spectral Distribution of Ultra-Weak Photon Emission as a Response to Wounding in Plants: An In Vivo Study,Biology,10.3390/biology9060139,https://www.mdpi.com/2079-7737/9/6/139
439HKSND,2026-02-10T16:47:20Z,journalArticle,2022,Tian,Relationship between delayed luminescence emission and mitochondrial status in Saccharomyces cerevisiae,Scientific Reports,10.1038/s41598-021-04290-9,https://www.nature.com/articles/s41598-021-04290-9
P5SR9UTW,2026-02-10T16:47:20Z,journalArticle,2013,Scholkmann,Non-chemical and non-contact cell-to-cell communication: a short review,American Journal of Translational Research,,https://www.ncbi.nlm.nih.gov/pmc/articles/PMC3786266/
A53XF532,2026-02-10T16:47:20Z,journalArticle,2024,Babcock,Ultraviolet Superradiance from Mega-Networks of Tryptophan in Biological Architectures,The Journal of Physical Chemistry B,10.1021/acs.jpcb.3c07936,https://doi.org/10.1021/acs.jpcb.3c07936
54P77VTH,2026-02-10T16:47:20Z,journalArticle,1923,Gurwitsch,Die Natur des spezifischen Erregers der Zellteilung,Archiv für mikroskopische Anatomie und Entwicklungsmechanik,10.1007/bf02111053,https://link.springer.com/article/10.1007/BF02111053
MPFHU66G,2026-02-10T16:47:20Z,journalArticle,,,A tribute to Fritz-Albert Popp on the occasion of his 70th birthday,ResearchGate,,https://www.researchgate.net/publication/23165441_A_tribute_to_Fritz-Albert_Popp_on_the_occasion_of_his_70th_birthday
H2TI3CSK,2026-02-10T16:47:20Z,journalArticle,2020,Esmaeilpour,An Experimental Investigation of Ultraweak Photon Emission from Adult Murine Neural Stem Cells,Scientific Reports,10.1038/s41598-019-57352-4,https://www.ncbi.nlm.nih.gov/pmc/articles/PMC6965084/
EVQEI98Z,2026-02-10T16:47:20Z,journalArticle,1988,Gurwitsch,A historical review of the problem of mitogenetic radiation,Experientia,10.1007/bf01953301,https://link.springer.com/article/10.1007/BF01953301
XJJEE424,2026-02-10T16:47:20Z,journalArticle,2005,Mansfield,Biophoton distress flares signal the onset of the hypersensitive reaction,Trends in Plant Science,10.1016/j.tplants.2005.05.007,https://www.sciencedirect.com/science/article/pii/S1360138505001275
WL4EXNL2,2026-02-10T16:47:20Z,journalArticle,2024,Schramm,Bioluminescence – The Vibrant Glow of Nature and its Chemical Mechanisms,ChemBioChem,10.1002/cbic.202400106,https://onlinelibrary.wiley.com/doi/abs/10.1002/cbic.202400106
YG2NLZNQ,2026-02-10T16:47:20Z,journalArticle,2017,Yang,Ultra-weak photon emission in healthy subjects and patients with type 2 diabetes: evidence for a non-invasive diagnostic tool,Photochemical & Photobiological Sciences,10.1039/c6pp00431h,https://link.springer.com/article/10.1039/c6pp00431h
3GQ5HGVU,2026-02-10T16:47:20Z,journalArticle,2024,Tong,Biophoton signaling in mediation of cell-to-cell communication and radiation-induced bystander effects,Radiation Medicine and Protection,10.1016/j.radmp.2024.06.004,https://www.sciencedirect.com/science/article/pii/S2666555724000546
RJNIHFDM,2026-02-10T16:47:20Z,journalArticle,2021,Benfatto,Biophotons and Emergence of Quantum Coherence—A Diffusion Entropy Analysis,Entropy,10.3390/e23050554,https://www.mdpi.com/1099-4300/23/5/554
2Y4TR82W,2026-02-10T16:47:20Z,journalArticle,2011,Cifra,Electromagnetic cellular interactions,Progress in Biophysics and Molecular Biology,10.1016/j.pbiomolbio.2010.07.003,https://www.sciencedirect.com/science/article/pii/S0079610710000660
UZQTXG2D,2026-02-10T12:58:52Z,journalArticle,2016,Rafieiolhosseini,Photocount statistics of ultra-weak photon emission from germinating mung bean,Journal of Photochemistry and Photobiology B: Biology,10.1016/j.jphotobiol.2016.06.001,http://linkinghub.elsevier.com/retrieve/pii/S1011134416304328
W6ZXGE3C,2026-02-10T12:58:52Z,journalArticle,2018,Saeidfirozeh,Endogenous Chemiluminescence from Germinating Arabidopsis Thaliana Seeds,Scientific Reports,10.1038/s41598-018-34485-6,http://www.nature.com/articles/s41598-018-34485-6
NTKK64AG,2026-02-10T12:58:52Z,journalArticle,2017,Poplová,Poisson pre-processing of nonstationary photonic signals: Signals with equality between mean and variance,PLOS ONE,10.1371/journal.pone.0188622,http://dx.plos.org/10.1371/journal.pone.0188622
EHJCKLM7,2026-02-10T12:58:52Z,journalArticle,2019,Dlask,Short-time fractal analysis of biological autoluminescence,PLOS ONE,10.1371/journal.pone.0214427,https://journals.plos.org/plosone/article?id=10.1371/journal.pone.0214427
5XPTGZTS,2026-02-10T12:58:22Z,journalArticle,2015,Cifra,"Biophotons, coherence and photocount statistics: A critical review",Journal of Luminescence,10.1016/j.jlumin.2015.03.020,http://linkinghub.elsevier.com/retrieve/pii/S0022231315001568
8EGKNVWY,2026-02-10T12:54:45Z,journalArticle,2018,Ortega-Ojeda,"Measuring the Human Ultra-Weak Photon Emission Distribution Using an Electron-Multiplying, Charge-Coupled Device as a Sensor","Sensors (Basel, Switzerland)",10.3390/s18041152,https://www.ncbi.nlm.nih.gov/pmc/articles/PMC5948505/
UCBSY5JX,2026-02-10T12:54:45Z,journalArticle,2007,Cifra,Spontaneous ultra-weak photon emission from human hands is time dependent,Radioengineering,,https://www.radioeng.cz/fulltexts/2007/07_02_15_19.pdf
L2FIRVPI,2026-02-10T12:54:45Z,journalArticle,2019,Calcerrada,"Human Ultraweak Photon Emission: Key Analytical Aspects, Results and Future Trends – A Review",Critical Reviews in Analytical Chemistry,10.1080/10408347.2018.1534199,https://www.tandfonline.com/doi/full/10.1080/10408347.2018.1534199
XC7HD7JC,2026-02-10T12:54:45Z,journalArticle,2020,Murugan,"Ultraweak Photon Emissions as a Non-Invasive, Early-Malignancy Detection Tool: An In Vitro and In Vivo Study",Cancers,10.3390/cancers12041001,
G8XGP9YV,2026-02-10T12:54:45Z,journalArticle,2020,Tsuchida,Oxidative stress in human facial skin observed by ultraweak photon emission imaging and its correlation with biophysical properties of skin,Scientific Reports,10.1038/s41598-020-66723-1,https://www.nature.com/articles/s41598-020-66723-1
3NXZUU3W,2026-02-10T12:54:45Z,journalArticle,2020,Tsuchida,Ultraviolet A irradiation induces ultraweak photon emission with characteristic spectral patterns from biomolecules present in human skin,Scientific Reports,10.1038/s41598-020-78884-0,http://www.nature.com/articles/s41598-020-78884-0
77PQ58XA,2026-02-10T12:54:45Z,journalArticle,2023,Du,The application and trend of ultra-weak photon emission in biology and medicine,Frontiers in Chemistry,10.3389/fchem.2023.1140128,https://www.frontiersin.org/journals/chemistry/articles/10.3389/fchem.2023.1140128/full
SNJLURCT,2026-02-10T12:54:45Z,journalArticle,2023,Poplová,Biological Auto(chemi)luminescence Imaging of Oxidative Processes in Human Skin,Analytical Chemistry,10.1021/acs.analchem.3c01566,https://doi.org/10.1021/acs.analchem.3c01566
VFCFCAQR,2026-02-10T12:54:45Z,book,2023,Volodyaev,Ultra-Weak Photon Emission from Biological Systems: Endogenous Biophotonics and Intrinsic Bioluminescence,,10.1007/978-3-031-39078-4,https://link.springer.com/10.1007/978-3-031-39078-4
YFD2YI44,2026-02-10T12:54:45Z,journalArticle,2024,Mould,Ultra weak photon emission—a brief review,Frontiers in Physiology,10.3389/fphys.2024.1348915,https://www.frontiersin.org/journals/physiology/articles/10.3389/fphys.2024.1348915
7XE6ZG8G,2026-02-10T12:54:45Z,journalArticle,2025,Nevoit,"The concept of biophotonic signaling in the human body and brain: rationale, problems and directions",Frontiers in Systems Neuroscience,10.3389/fnsys.2025.1597329,https://www.frontiersin.org/journals/systems-neuroscience/articles/10.3389/fnsys.2025.1597329/full
657GB32G,2026-02-10T12:54:45Z,journalArticle,2006,van Wijk,Effects of a color filter used in auriculomedicine on ultraweak photon emission of the human body,Journal of Alternative and Complementary Medicine,10.1089/acm.2006.12.955,http://www.liebertpub.com/doi/10.1089/acm.2006.12.955
C2JC43GN,2026-02-10T12:54:45Z,journalArticle,2005,Schwabl,Biophotonics in the infrared spectral range reveal acupuncture meridian structure of the body,Journal of Alternative and Complementary Medicine,10.1089/acm.2005.11.171,http://www.liebertpub.com/doi/10.1089/acm.2005.11.171
SX4F3GRA,2026-02-10T12:54:45Z,journalArticle,2019,Yang,A Bridge of Light: Toward Chinese and Western Medicine Perspectives Through Ultraweak Photon Emissions,Global Advances in Health and Medicine,10.1177/2164956119855930,https://pmc.ncbi.nlm.nih.gov/articles/PMC6558537/
KEXI6Q84,2026-02-10T12:54:45Z,journalArticle,2014,Han,Recent progress of traditional Chinese medical science based on theory of biophoton,Frontiers of Optoelectronics,10.1007/s12200-013-0367-1,https://link.springer.com/10.1007/s12200-013-0367-1
KGR9DZXN,2026-02-10T12:54:45Z,journalArticle,2020,van Wijk,Integrating Ultra-Weak Photon Emission Analysis in Mitochondrial Research,Frontiers in Physiology,10.3389/fphys.2020.00717,https://www.frontiersin.org/journals/physiology/articles/10.3389/fphys.2020.00717/full
4AB78ZRC,2026-02-10T12:54:45Z,journalArticle,2008,Wijk,Correlation Between Fluctuations in Human Ultra-weak Photon Emission and EEG Alpha Rhythm,NeuroQuant ology,10.14704/nq.2008.6.4.s201,https://doi.org/10.14704/nq.2008.6.4.s201
HJTDE6WX,2026-02-10T12:54:45Z,conferencePaper,2025,Viirre,Resting state photon emissions from the pupil of the human eye,,10.1117/12.3051754,https://www.spiedigitallibrary.org/conference-proceedings-of-spie/13317/1331707/Resting-state-photon-emissions-from-the-pupil-of-the-human/10.1117/12.3051754.full
SKNKGWET,2026-02-10T12:54:45Z,journalArticle,2024,Rubio,Effects of different light exposures on human ultra-weak photon emission: Preliminary findings for a pioneering control tool in cosmetics,Microchemical Journal,10.1016/j.microc.2024.111351,https://www.sciencedirect.com/science/article/pii/S0026265X24014632
WSEINL6C,2026-02-10T12:54:45Z,journalArticle,2023,Wang,Reduced biophotonic activities and spectral blueshift in Alzheimer’s disease and vascular dementia models with cognitive impairment,Frontiers in Aging Neuroscience,10.3389/fnagi.2023.1208274,https://www.frontiersin.org/articles/10.3389/fnagi.2023.1208274
8SIYBSRW,2026-02-10T12:54:45Z,journalArticle,2021,Zapata,Increment of spontaneous human biophoton emission caused by anger emotional states. Proof of concept,Microchemical Journal,10.1016/j.microc.2021.106558,https://www.sciencedirect.com/science/article/pii/S0026265X21006445
W6T7SDL8,2026-02-10T12:54:45Z,journalArticle,2019,Tsuchida,Imaging of ultraweak photon emission for evaluating the oxidative stress of human skin,Journal of Photochemistry and Photobiology B: Biology,10.1016/j.jphotobiol.2019.111562,https://linkinghub.elsevier.com/retrieve/pii/S1011134419302982
RSDNFIJU,2026-02-10T12:54:45Z,journalArticle,2018,Scholkmann,"Spatio-temporal dynamics of spontaneous ultra-weak photon emission (autoluminescence) from human hands measured with an EMCCD camera: Dependence on time of day, date and individual subject",Matters,10.19185/matters.201803000001,https://sciencematters.io/articles/10.19185/matters.201803000001
CHKH9QFB,2026-02-10T12:54:45Z,journalArticle,2017,Sun,Measuring ultra-weak photon emission as a non-invasive diagnostic tool for detecting early-stage type 2 diabetes: A step toward personalized medicine,Journal of Photochemistry and Photobiology B: Biology,10.1016/j.jphotobiol.2016.11.013,https://www.sciencedirect.com/science/article/pii/S1011134416306364
VJS6RHWP,2026-02-10T12:54:45Z,journalArticle,2021,Zapata,Human ultra-weak photon emission as non-invasive spectroscopic tool for diagnosis of internal states – A review,Journal of Photochemistry and Photobiology B: Biology,10.1016/j.jphotobiol.2021.112141,https://www.sciencedirect.com/science/article/pii/S1011134421000191
SDWBKACV,2026-02-10T12:54:45Z,journalArticle,2018,Prasad,Triplet Excited Carbonyls and Singlet Oxygen Formation During Oxidative Radical Reaction in Skin,Frontiers in Physiology,10.3389/fphys.2018.01109,https://doi.org/10.3389/fphys.2018.01109
VVFG6PA5,2026-02-10T12:54:45Z,journalArticle,2008,Van Wijk,Free radicals and low-level photon emission in human pathogenesis: State of the art,Indian Journal of Experimental Biology,,https://www.scopus.com/pages/publications/50649099701
MAPWIJ5Y,2026-02-10T12:54:45Z,journalArticle,2011,Dotta,Photon emissions from human brain and cell culture exposed to distally rotating magnetic fields shared by separate light-stimulated brains and cells,Brain Research,10.1016/j.brainres.2011.03.001,http://linkinghub.elsevier.com/retrieve/pii/S0006899311004732
CF4PJKHM,2026-02-10T12:54:45Z,journalArticle,2018,Guo,Biological Ultra-weak Luminescence and Its Application to Research of Acupuncture,Zhen Ci Yan Jiu,10.13702/j.1000-0607.170360,
T6NRTFYD,2026-02-10T12:54:45Z,journalArticle,1989,Yan,Investigation on the biophysical features of strong luminescence phenomena in the 14 channel of human body,Zhen Ci Yan Jiu,,
MTQQDCPU,2026-02-10T12:54:45Z,journalArticle,2009,Park,Magneto-acupuncture stimuli effects on ultraweak photon emission from hands of healthy persons,Journal of Acupuncture and Meridian Studies,10.1016/s2005-2901(09)60014-5,
VMMAVQW7,2026-02-10T12:54:45Z,journalArticle,2004,Yang,Left-right and Yin-Yang balance of biophoton emission from hands,Acupuncture & Electro-Therapeutics Research,,
ZVB9AHQR,2026-02-10T12:54:45Z,journalArticle,2017,Srinivasan,Biophotons as Subtle Energy Carriers,International Journal of Yoga,10.4103/ijoy.ijoy_18_17,
TE3MYPHU,2026-02-10T12:54:45Z,journalArticle,2003,Jung,Photon counting statistics analysis of biophotons from hands,Indian Journal of Experimental Biology,,
3TS7HXPS,2026-02-10T12:54:45Z,journalArticle,2017,Zhao,Application of Spontaneous Photon Emission in the Growth Ages and Varieties Screening of Fresh Chinese Herbal Medicines,Evidence-Based Complementary and Alternative Medicine,10.1155/2017/9341359,
R8ARR84E,2026-02-10T12:54:45Z,journalArticle,2003,Cohen,Biophoton emission of human body,Indian Journal of Experimental Biology,,
TY9LU6XB,2026-02-10T12:54:45Z,journalArticle,2013,Soh,50 years of bong-han theory and 10 years of primo vascular system,Evidence-Based Complementary and Alternative Medicine,10.1155/2013/587827,
GZDPY834,2026-02-10T12:54:45Z,journalArticle,2005,Jung,Year-long biophoton measurements: normalized frequency count analysis and seasonal dependency,Journal of Photochemistry and Photobiology B: Biology,10.1016/j.jphotobiol.2004.08.009,https://pubmed.ncbi.nlm.nih.gov/15664502/
68FWBIXI,2026-02-10T12:54:45Z,journalArticle,2003,Jung,Left-right asymmetry of biophoton emission from hemiparesis patients,Indian Journal of Experimental Biology,,https://pubmed.ncbi.nlm.nih.gov/15244266/
QBUN6K42,2026-02-10T12:54:45Z,bookSection,1979,Dobrin,Experimental measurements of the human energy field,"Psychoenergetic Systems: The Interface of Consciousness, Energy and Matter",,
XEG3J5CP,2026-02-10T12:54:45Z,journalArticle,1992,Grasso,Photon emission from normal and tumor human tissues,Experientia,10.1007/bf01923594,
UJ3549LC,2026-02-10T12:54:45Z,journalArticle,1996,Kobayashi,Development and applications of new technology for two-dimensional space-time characterization and correlation analysis of ultraweak biophoton information,Frontiers in Medical and Biological Engineering,,
G7J3ATLW,2026-02-10T12:54:45Z,bookSection,1992,Inaba,Ultrasensitive Measurements and Studies on Biophoton as Biological Information in the Optical Region,Recent Advances in Biophoton Research and its Applications,,
G5ABP667,2026-02-10T12:54:45Z,journalArticle,2007,Lanzano,Spectral analysis of Delayed Luminescence from human skin as a possible non-invasive diagnostic tool,European Biophysics Journal,10.1007/s00249-007-0156-0,
3DMRSF5R,2026-02-10T12:54:45Z,journalArticle,2017,Hossu,Spontaneous photon emission: A promising non-invasive diagnostic tool for breast cancer,Journal of Photochemistry and Photobiology B: Biology,10.1016/j.jphotobiol.2017.03.017,
DRKEW27H,2026-02-10T12:54:45Z,conferencePaper,2007,Musumeci,Spectral analysis of photo-induced delayed luminescence from human skin in vivo,,10.1117/12.727696,
A2AHQ64H,2026-02-10T12:54:45Z,journalArticle,2010,Sun,Whole-body biophoton emission and type 2 diabetes,Journal of Photochemistry and Photobiology B: Biology,10.1016/j.jphotobiol.2010.05.002,
6ZBLHGY7,2026-02-10T12:54:45Z,journalArticle,2007,Zhang,Biophoton emission measurement as a new method for evaluating meridian-visceral correlation in traditional Chinese medicine,Chinese Journal of Integrative Medicine,10.1007/s11655-007-0157-z,
426BEHJ7,2026-02-10T12:54:45Z,journalArticle,2023,Du,Ultra-weak photon emission as a potential tool for evaluating the therapeutic effect of traditional Chinese medicine in patients with type 2 diabetes,Heliyon,10.1016/j.heliyon.2023.e18494,
P2344NNY,2026-02-10T12:54:45Z,journalArticle,1992,Benschoten,Measurement of acupoint biophoton emissions via Omura's bidigital O-ring test with case studies,American journal of acupuncture,,
CVIGKJCF,2026-02-10T12:54:45Z,journalArticle,1986,Swinbanks,Japan: Body light points to health,Nature,10.1038/324203a0,https://doi.org/10.1038/324203a0
2F9G2SEM,2026-02-10T12:54:45Z,journalArticle,2010,Rahnama,Emission of Biophotons and Neural Activity of the Brain,,,
YBKDRVZN,2026-02-10T12:54:45Z,bookSection,2023,Scholkmann,"Chronobiological Aspects of Spontaneous Ultra-Weak Photon Emission in Humans: Ultradian, Circadian and Infradian Rhythms",Ultra-Weak Photon Emission from Biological Systems: Endogenous Biophotonics and Intrinsic Bioluminescence,,
9D2VAX8E,2026-02-10T12:54:45Z,conferencePaper,2018,Iwasa,Imaging and Spectral Analysis of Ultra-weak Biophoton Emission and Delayed Luminescence from Human Skin,,10.1364/cleopr.2018.w3a.131,https://opg.optica.org/abstract.cfm?URI=CLEOPR-2018-W3A.131
NY59XVXM,2026-02-10T12:54:45Z,journalArticle,2021,Gabe,Evaluation of subclinical chronic sun damage in the skin via the detection of long-lasting ultraweak photon emission,Skin Research and Technology,10.1111/srt.13059,https://onlinelibrary.wiley.com/doi/abs/10.1111/srt.13059
JIFR3QKN,2026-02-10T12:54:45Z,journalArticle,2008,Slawinski,Imaging of biophoton emission from electrostimulated skin acupuncture point jg4: Effect of light enhancers,INDIAN J EXP BIOL,,
6FSBIE3S,2026-02-10T12:54:45Z,journalArticle,2008,Niggli,Laser-Ultraviolet-A induced ultra weak photon emission in human skin cells: A biophotonic comparison between keratinocytes and fibroblasts,INDIAN J EXP BIOL,,
VFDVQCWL,2026-02-10T12:54:45Z,journalArticle,1995,Usa,Spontaneous photon emission from human body,Medical Imaging Technology,,
4DEK6EFA,2026-02-10T12:54:45Z,journalArticle,2019,Mamani,Majorana vortex photons a form of entangled photons propagation through brain tissue,Journal of Biophotonics,10.1002/jbio.201900036,https://onlinelibrary.wiley.com/doi/abs/10.1002/jbio.201900036
579EU5MF,2026-02-10T12:54:45Z,journalArticle,2012,Salari,Dissipationless transfer of visual information from retina to the primary visual cortex in the human brain,Activitas Nervosa Superior,,
MKN6YIQL,2026-02-10T12:54:45Z,journalArticle,1995,Amano,Ultraweak biophoton emission imaging of transplanted bladder cancer,Urological research,,
JKH8ZQ85,2026-02-10T12:54:45Z,journalArticle,2004,Park,Effects of Han-Seo Meridian Magnetic Therapy on Biophoton Emission (International Conference on Mind Body Science: Physical and Physiological Approach joint with The Eighteenth Symposium on Life Information Science),Journal of International Society of Life Information Science,,
LFHYZAHQ,2026-02-10T12:54:45Z,journalArticle,2004,LEE,Biophoton emission from patients with a cold (International Conference on Mind Body Science: Physical and Physiological Approach joint with The Eighteenth Symposium on Life Information Science),Journal of International Society of Life Information Science,,
XG7CVQNI,2026-02-10T12:54:45Z,journalArticle,2002,Chen,Temperature and biophoton changes of the middle finger during qigong and light imagery tasks,JOURNAL-INTERNATIONAL SOCIETY OF LIFE INFORMATION SCIENCE,,
JDJ6XMSR,2026-02-10T12:54:45Z,journalArticle,2004,Grass,"Biophotons, microtubules and CNS, is our brain a “Holographic computer”?",Medical Hypotheses,10.1016/s0306-9877(03)00308-6,http://linkinghub.elsevier.com/retrieve/pii/S0306987703003086
JAZ5BW4G,2026-02-10T12:54:45Z,journalArticle,2004,Soh,Bonghan duct and acupuncture meridian as optical channel of biophoton,JOURNAL-KOREAN PHYSICAL SOCIETY,,http://www.biontology.com/wp-content/uploads/2012/10/bonghan-ducts.pdf
56NSXUIB,2026-02-10T12:54:45Z,journalArticle,,van Wijk,Het eigen licht van de mens,,,http://tig.integralegeneeskunst.nl/TIG21-22_26_van_Wijk-_van_WIjk_-_Licht_van_de_Mens.pdf
AF3STPB5,2026-02-10T12:54:45Z,journalArticle,2002,Choi,Biophoton emission from the hands,JOURNAL-KOREAN PHYSICAL SOCIETY,,http://meridianenergies.net/wp-content/uploads/2012/04/BiophotonEmissionfromtheHands.pdf
JIHQWP3V,2026-02-10T12:54:45Z,journalArticle,2008,Wijk,Quantum squeezed state analysis of spontaneous ultra weak light photon emission of practitioners of meditation and control subjects,Indian J. Exp. Biol.,,
PP3KLRAM,2026-02-10T12:54:45Z,thesis,2016,Ondrušová,Measurement Optimization and Analysis of Selected Physical and Chemical Effects on the Ultra-Weak Proton Emission from a Human Hand,,,https://dspace.cvut.cz/handle/10467/64862?show=full
8Q3I8KJB,2026-02-10T12:54:45Z,journalArticle,2020,Jinno,Extremely weak light emission during the healing process by biophotons emitted from wounds irradiated with atmospheric pressure plasma,Japanese Journal of Applied Physics,10.35848/1347-4065/abb718,https://doi.org/10.35848/1347-4065/abb718
JMQR3FPR,2026-02-10T12:54:45Z,journalArticle,2021,Gabe,Exploitation of long-lasting ultraweak photon emission to estimate skin photodamage after ultraviolet exposure,Skin Research and Technology,10.1111/srt.12944,https://onlinelibrary.wiley.com/doi/abs/10.1111/srt.12944
ECQRUWKY,2026-02-10T12:54:45Z,thesis,2006,Cifra,"Measurement of spontaneous photon emission from the human body: technical aspects, parameters, time and temperature dependent fluctuations of photon emission",,,
UCDUKV6Z,2026-02-10T12:54:45Z,journalArticle,2012,Petersen,An explorative study of non-invasive ultra-weak photon emission and the anti-oxidative influence of oral zinc sulphate in light-sensitive patients with erythropoietic protoporphyria,Skin Research and Technology,10.1111/j.1600-0846.2011.00586.x,https://onlinelibrary.wiley.com/doi/abs/10.1111/j.1600-0846.2011.00586.x
7GLH3LX6,2026-02-10T12:54:45Z,journalArticle,1993,Niggli,Artificial sunlight irradiation induces ultraweak photon emission in human skin fibroblasts,Journal of Photochemistry and Photobiology B: Biology,10.1016/1011-1344(93)80076-l,https://linkinghub.elsevier.com/retrieve/pii/101113449380076L
CB3QAB9C,2026-02-10T12:54:45Z,journalArticle,2023,Tsuchida,Skin lightness affects ultraviolet A-induced oxidative stress: evaluation using ultraweak photon emission measurement,Experimental Dermatology,10.1111/exd.14690,https://onlinelibrary.wiley.com/doi/abs/10.1111/exd.14690
QLD7EIKA,2026-02-10T12:54:45Z,presentation,2000,Inaba,Measurement of biophoton from human body,,,
UZJGCDCH,2026-02-10T12:54:45Z,journalArticle,2023,Van Wijk,Intercellular Dynamics: Ultra-Weak Biophoton Emission as a Novel Indicator of Altered Cell Functions and Disease,Journal of Lasers in Medical Sciences,,
JAB8PE2T,2026-02-10T12:54:45Z,journalArticle,2005,Niggli,Laser-ultraviolet-A-induced ultraweak photon emission in mammalian cells,Journal of Biomedical Optics,10.1117/1.1899185,
W47UWYMV,2026-02-10T12:54:45Z,journalArticle,2010,Mannerling,Effects of 50-Hz magnetic field exposure on superoxide radical anion formation and HSP70 induction in human K562 cells,Radiation and Environmental Biophysics,10.1007/s00411-010-0306-0,http://link.springer.com/10.1007/s00411-010-0306-0
DUZMXHF7,2026-02-10T12:54:45Z,journalArticle,2013,Hossu,Enhancement of biophoton emission of prostate cancer cells by Ag nanoparticles,Cancer Nanotechnology,10.1007/s12645-013-0034-7,http://www.cancer-nano.com/content/4/1/
URDTRCWT,2026-02-10T12:54:45Z,journalArticle,2005,Musumeci,Spectral analysis of laser-induced ultraweak delayed luminescence in cultured normal and tumor human cells: temperature dependence,Journal of Photochemistry and Photobiology B: Biology,10.1016/j.jphotobiol.2004.12.002,https://linkinghub.elsevier.com/retrieve/pii/S1011134404001939
8R75JYMX,2026-02-10T12:54:45Z,patent,,Unknown,Apparatus and method for counting biophotons from hands to diagnose health condition,,,https://www.rexresearch.com/biophoton/KR20050013375.txt
FBTSY5X7,2026-02-10T12:54:45Z,patent,,Han,Device for quantitative determination of traditional Chinese medicine syndrome using human biophoton radiation,,,https://patents.google.com/patent/CN201861626U/en
LVZ395CU,2026-02-10T12:54:45Z,patent,,Unknown,Device quantitatively measuring TCM “syndrome” by human biophoton radiation,,,https://www.rexresearch.com/biophoton/CN201861626.txt
5TSP89ME,2026-02-10T12:54:45Z,patent,,Shandong Provincial Pharmaceutical Biological Tech Research Center,System for early screening of breast cancer using organism biophoton radiation,,,https://patents.google.com/patent/CN106236022A/en
73WUEFTU,2018-11-28T10:05:29Z,journalArticle,2007,Goi,Effect of psychologic stress on peroxidase and thiocyanate levels in human saliva detected by ultraweak chemiluminescence,Journal of health science,,
2ZV4TM96,2018-11-28T10:04:30Z,journalArticle,1988,Scholz,Light-stimulated ultraweak photon reemission of human amnion cells and wish cells,Cell Biophysics,,
TKDZ94S4,2018-11-28T10:04:21Z,journalArticle,1997,Cohen,Low-level luminescence of the human skin,Skin Research and Technology,,
NH5KJ4XK,2018-11-28T10:04:20Z,journalArticle,1997,Cohen,Biophoton emission of the human body,Journal of Photochemistry and Photobiology B: Biology,,
NZIC4N3B,2018-11-28T10:04:03Z,conferencePaper,1997,Voeikov,Relative independence of luminol-enhanced intensity of photon emission during oxidative burst from nondiluted human blood on the volume and surface area of the sample,,,
MJLMHW4K,2018-11-28T10:04:00Z,conferencePaper,2005,Jung,Signal characteristics of biophoton emission from human hands,,,
JQV6HWYB,2018-11-28T10:03:58Z,journalArticle,2002,Kim,Biophoton emission from fingernails and fingerprints of living human subjects,Acupuncture & electro-therapeutics research,,
FLQ3MPSK,2018-11-28T10:03:39Z,journalArticle,2004,Yang,Biophoton Emission and Blood Flow in the Human Hand (International Conference on Mind Body Science: Physical and Physiological Approach joint with The Eighteenth Symposium on Life Information Science),Journal of International Society of Life Information Science,,
CURTTT69,2018-11-28T10:03:38Z,journalArticle,2000,Nakamura,Biophoton and temperature changes of human hand during Qigong,Journal of International Society of Life Information Science,,
6I2HY9XT,2018-11-28T10:03:33Z,book,2003,Popp,Nonlocal effects of biophoton emission from the human body,,,
Z4UZMX79,2018-11-28T09:59:15Z,journalArticle,2014,Cifra,"Ultra-weak photon emission from biological samples: Definition, mechanisms, properties, detection and applications",Journal of Photochemistry and Photobiology B: Biology,10.1016/j.jphotobiol.2014.02.009,https://www.sciencedirect.com/science/article/pii/S1011134414000463
D69XCH68,2018-11-28T09:57:15Z,journalArticle,2004,Takeda,Biophoton detection as a novel technique for cancer imaging,Cancer science,10.1111/j.1349-7006.2004.tb03325.x,http://onlinelibrary.wiley.com/doi/10.1111/j.1349-7006.2004.tb03325.x/full
HCFPVMPQ,2018-11-28T09:55:27Z,thesis,1998,Vogel,About the Quenching of the Chemiluminescence from Liquid Culture Media by Microorganisms and Weak Light Emission Patterns from Bacterial Cultures,,,
2IQLKAJ9,2018-11-28T09:55:26Z,journalArticle,1999,Sauermann,Ultraweak photon emission of human skin in vivo: influence of topically applied antioxidants on human skin,Methods in enzymology,,
EBV6NF29,2018-11-28T09:55:07Z,journalArticle,2013,Van Wijk,"Imaging human spontaneous photon emission: historic development, recent data and perspectives",Trends Photochem. Photobiol,,
AQYYHKK9,2018-11-28T09:53:59Z,journalArticle,1998,Maccarrone,Kinetics of ultraweak light emission from human erythroleukemia K562 cells upon electroporation,Biochimica et Biophysica Acta (BBA)-Biomembranes,,
BLXSKDU3,2018-11-28T09:52:41Z,journalArticle,2006,Yang,Yin/Yang polarization: quantitative diagnostic evaluation using biophoton measurement from human hands and feet,Journal of Alternative & Complementary Medicine,,http://online.liebertpub.com/doi/pdf/10.1089/acm.2006.12.603
L7GFEMSJ,2018-11-28T09:41:21Z,journalArticle,1997,Maccarrone,Lipoxygenase products induce ultraweak light emission from human erythroleukemia cells,Journal of bioluminescence and chemiluminescence,,
HVCJY67J,2018-11-28T09:38:43Z,journalArticle,2008,Khabiri,Non-invasive monitoring of oxidative skin stress by ultraweak photon emission (UPE)-measurement. I: mechanisms of UPE of biological materials,Skin Research and Technology,,
ZCP4YJBF,2018-11-28T09:36:34Z,journalArticle,1999,Kobayashi,In vivo imaging of spontaneous ultraweak photon emission from a rat’s brain correlated with cerebral energy metabolism and oxidative stress,Neuroscience research,10.1016/s0168-0102(99)00040-1,http://www.sciencedirect.com/science/article/pii/S0168010299000401
8M6SZIIL,2018-11-28T09:36:27Z,journalArticle,2014,Scordino,Ultra-weak Delayed Luminescence in cancer research: A review of the results by the ARETUSA equipment,Journal of Photochemistry and Photobiology B: Biology,10.1016/j.jphotobiol.2014.03.027,http://linkinghub.elsevier.com/retrieve/pii/S1011134414001481
3C87AAPN,2018-11-28T09:35:39Z,journalArticle,1999,Maccarrone,The early phase of apoptosis in human neuroblastoma CHP100 cells is characterized by lipoxygenase-dependent ultraweak light emission,Biochemical and biophysical research communications,,
